event_id,store_id,campaign_id,product_code,base_price,promo_type,quantity_sold(before_promo),quantity_sold(after_promo),product_name,category,city,campaign_name,start_date,end_date,revenue_before,revenue_after,quantity_change,revenue_change
7f650b,STCBE-2,CAMP_SAN_01,P11,190,50% OFF,34,52,Atliq_Doodh_Kesar_Body_Lotion (200ML),Personal Care,Coimbatore,Sankranti,10-01-2024,16-01-2024,6460,9880,18,3420
a21f91,STBLR-8,CAMP_DIW_01,P03,156,25% OFF,393,322,Atliq_Suflower_Oil (1L),Grocery & Staples,Bengaluru,Diwali,12-11-2023,18-11-2023,61308,50232,-71,-11076
78bc80,STVJD-0,CAMP_SAN_01,P07,300,BOGOF,22,85,Atliq_Curtains,Home Care,Vijayawada,Sankranti,10-01-2024,16-01-2024,6600,25500,63,18900
a1503f,STCBE-1,CAMP_DIW_01,P15,3000,500 Cashback,329,1000,Atliq_Home_Essential_8_Product_Combo,Combo1,Coimbatore,Diwali,12-11-2023,18-11-2023,987000,3000000,671,2013000
1091cf,STBLR-6,CAMP_DIW_01,P05,55,25% OFF,108,93,Atliq_Scrub_Sponge_For_Dishwash,Home Care,Bengaluru,Diwali,12-11-2023,18-11-2023,5940,5115,-15,-825
8.02E+96,STBLR-4,CAMP_DIW_01,P11,190,50% OFF,91,116,Atliq_Doodh_Kesar_Body_Lotion (200ML),Personal Care,Bengaluru,Diwali,12-11-2023,18-11-2023,17290,22040,25,4750
73d86f,STVSK-2,CAMP_SAN_01,P10,50,25% OFF,31,26,Atliq_Cream_Beauty_Bathing_Soap (125GM),Personal Care,Visakhapatnam,Sankranti,10-01-2024,16-01-2024,1550,1300,-5,-250
fe3560,STHYD-4,CAMP_DIW_01,P13,350,BOGOF,73,245,Atliq_High_Glo_15W_LED_Bulb,Home Appliances,Hyderabad,Diwali,12-11-2023,18-11-2023,25550,85750,172,60200
6b2afc,STCBE-4,CAMP_SAN_01,P08,1190,BOGOF,30,79,Atliq_Double_Bedsheet_set,Home Care,Coimbatore,Sankranti,10-01-2024,16-01-2024,35700,94010,49,58310
ce5851,STMDU-2,CAMP_SAN_01,P03,200,BOGOF,318,1265,Atliq_Suflower_Oil (1L),Grocery & Staples,Madurai,Sankranti,10-01-2024,16-01-2024,63600,253000,947,189400
dd6685,STMYS-2,CAMP_DIW_01,P06,415,25% OFF,78,70,Atliq_Fusion_Container_Set_of_3,Home Care,Mysuru,Diwali,12-11-2023,18-11-2023,32370,29050,-8,-3320
8f25a6,STHYD-6,CAMP_SAN_01,P15,3000,500 Cashback,126,302,Atliq_Home_Essential_8_Product_Combo,Combo1,Hyderabad,Sankranti,10-01-2024,16-01-2024,378000,906000,176,528000
5c3c33,STCHE-6,CAMP_DIW_01,P12,62,50% OFF,154,207,Atliq_Lime_Cool_Bathing_Bar (125GM),Personal Care,Chennai,Diwali,12-11-2023,18-11-2023,9548,12834,53,3286
d290a1,STBLR-3,CAMP_DIW_01,P04,290,25% OFF,343,270,Atliq_Farm_Chakki_Atta (1KG),Grocery & Staples,Bengaluru,Diwali,12-11-2023,18-11-2023,99470,78300,-73,-21170
635862,STVSK-4,CAMP_SAN_01,P02,860,33% OFF,348,480,Atliq_Sonamasuri_Rice (10KG),Grocery & Staples,Visakhapatnam,Sankranti,10-01-2024,16-01-2024,299280,412800,132,113520
c0ecb5,STCHE-2,CAMP_SAN_01,P07,300,BOGOF,43,167,Atliq_Curtains,Home Care,Chennai,Sankranti,10-01-2024,16-01-2024,12900,50100,124,37200
182caa,STCHE-5,CAMP_SAN_01,P06,415,25% OFF,39,33,Atliq_Fusion_Container_Set_of_3,Home Care,Chennai,Sankranti,10-01-2024,16-01-2024,16185,13695,-6,-2490
c4db5b,STTRV-0,CAMP_DIW_01,P01,172,33% OFF,164,236,Atliq_Masoor_Dal (1KG),Grocery & Staples,Trivandrum,Diwali,12-11-2023,18-11-2023,28208,40592,72,12384
94f48c,STVSK-1,CAMP_SAN_01,P06,415,25% OFF,22,16,Atliq_Fusion_Container_Set_of_3,Home Care,Visakhapatnam,Sankranti,10-01-2024,16-01-2024,9130,6640,-6,-2490
7ef92f,STHYD-5,CAMP_SAN_01,P07,300,BOGOF,55,213,Atliq_Curtains,Home Care,Hyderabad,Sankranti,10-01-2024,16-01-2024,16500,63900,158,47400
0f422c,STBLR-0,CAMP_DIW_01,P14,1020,BOGOF,42,168,Atliq_waterproof_Immersion_Rod,Home Appliances,Bengaluru,Diwali,12-11-2023,18-11-2023,42840,171360,126,128520
1e9a06,STCHE-4,CAMP_DIW_01,P13,350,BOGOF,84,338,Atliq_High_Glo_15W_LED_Bulb,Home Appliances,Chennai,Diwali,12-11-2023,18-11-2023,29400,118300,254,88900
02ebe9,STBLR-8,CAMP_DIW_01,P11,190,50% OFF,66,88,Atliq_Doodh_Kesar_Body_Lotion (200ML),Personal Care,Bengaluru,Diwali,12-11-2023,18-11-2023,12540,16720,22,4180
260ff2,STMYS-2,CAMP_SAN_01,P01,172,33% OFF,204,291,Atliq_Masoor_Dal (1KG),Grocery & Staples,Mysuru,Sankranti,10-01-2024,16-01-2024,35088,50052,87,14964
7fc923,STTRV-0,CAMP_SAN_01,P08,1190,BOGOF,19,74,Atliq_Double_Bedsheet_set,Home Care,Trivandrum,Sankranti,10-01-2024,16-01-2024,22610,88060,55,65450
b08c12,STMDU-3,CAMP_DIW_01,P03,156,25% OFF,227,202,Atliq_Suflower_Oil (1L),Grocery & Staples,Madurai,Diwali,12-11-2023,18-11-2023,35412,31512,-25,-3900
ca7298,STCBE-2,CAMP_SAN_01,P15,3000,500 Cashback,85,228,Atliq_Home_Essential_8_Product_Combo,Combo1,Coimbatore,Sankranti,10-01-2024,16-01-2024,255000,684000,143,429000
bf33ae,STMYS-0,CAMP_DIW_01,P14,1020,BOGOF,59,182,Atliq_waterproof_Immersion_Rod,Home Appliances,Mysuru,Diwali,12-11-2023,18-11-2023,60180,185640,123,125460
35fb5b,STCBE-2,CAMP_DIW_01,P13,350,BOGOF,50,190,Atliq_High_Glo_15W_LED_Bulb,Home Appliances,Coimbatore,Diwali,12-11-2023,18-11-2023,17500,66500,140,49000
def6ff,STMDU-0,CAMP_DIW_01,P11,190,50% OFF,70,89,Atliq_Doodh_Kesar_Body_Lotion (200ML),Personal Care,Madurai,Diwali,12-11-2023,18-11-2023,13300,16910,19,3610
2f3e5d,STCHE-2,CAMP_SAN_01,P01,172,33% OFF,333,402,Atliq_Masoor_Dal (1KG),Grocery & Staples,Chennai,Sankranti,10-01-2024,16-01-2024,57276,69144,69,11868
ca3893,STMYS-1,CAMP_SAN_01,P09,90,25% OFF,52,39,Atliq_Body_Milk_Nourishing_Lotion (120ML),Personal Care,Mysuru,Sankranti,10-01-2024,16-01-2024,4680,3510,-13,-1170
922e6a,STBLR-8,CAMP_SAN_01,P05,55,25% OFF,34,24,Atliq_Scrub_Sponge_For_Dishwash,Home Care,Bengaluru,Sankranti,10-01-2024,16-01-2024,1870,1320,-10,-550
4f0587,STMDU-0,CAMP_SAN_01,P08,1190,BOGOF,33,136,Atliq_Double_Bedsheet_set,Home Care,Madurai,Sankranti,10-01-2024,16-01-2024,39270,161840,103,122570
fa5b45,STVJD-1,CAMP_SAN_01,P08,1190,BOGOF,27,109,Atliq_Double_Bedsheet_set,Home Care,Vijayawada,Sankranti,10-01-2024,16-01-2024,32130,129710,82,97580
df45ee,STHYD-3,CAMP_DIW_01,P01,172,33% OFF,309,534,Atliq_Masoor_Dal (1KG),Grocery & Staples,Hyderabad,Diwali,12-11-2023,18-11-2023,53148,91848,225,38700
f3ac85,STBLR-5,CAMP_SAN_01,P03,200,BOGOF,348,1350,Atliq_Suflower_Oil (1L),Grocery & Staples,Bengaluru,Sankranti,10-01-2024,16-01-2024,69600,270000,1002,200400
292ca5,STHYD-2,CAMP_DIW_01,P04,290,25% OFF,287,220,Atliq_Farm_Chakki_Atta (1KG),Grocery & Staples,Hyderabad,Diwali,12-11-2023,18-11-2023,83230,63800,-67,-19430
620715,STMYS-3,CAMP_SAN_01,P03,200,BOGOF,340,1485,Atliq_Suflower_Oil (1L),Grocery & Staples,Mysuru,Sankranti,10-01-2024,16-01-2024,68000,297000,1145,229000
7e9777,STVJD-1,CAMP_DIW_01,P08,1190,BOGOF,24,82,Atliq_Double_Bedsheet_set,Home Care,Vijayawada,Diwali,12-11-2023,18-11-2023,28560,97580,58,69020
761785,STBLR-4,CAMP_SAN_01,P14,1020,BOGOF,121,474,Atliq_waterproof_Immersion_Rod,Home Appliances,Bengaluru,Sankranti,10-01-2024,16-01-2024,123420,483480,353,360060
eb3bea,STVSK-2,CAMP_SAN_01,P15,3000,500 Cashback,109,238,Atliq_Home_Essential_8_Product_Combo,Combo1,Visakhapatnam,Sankranti,10-01-2024,16-01-2024,327000,714000,129,387000
276150,STCBE-3,CAMP_SAN_01,P07,300,BOGOF,33,128,Atliq_Curtains,Home Care,Coimbatore,Sankranti,10-01-2024,16-01-2024,9900,38400,95,28500
3beb46,STMYS-2,CAMP_SAN_01,P13,350,BOGOF,81,208,Atliq_High_Glo_15W_LED_Bulb,Home Appliances,Mysuru,Sankranti,10-01-2024,16-01-2024,28350,72800,127,44450
47af00,STVJD-1,CAMP_DIW_01,P03,156,25% OFF,183,150,Atliq_Suflower_Oil (1L),Grocery & Staples,Vijayawada,Diwali,12-11-2023,18-11-2023,28548,23400,-33,-5148
627200,STCBE-4,CAMP_DIW_01,P14,1020,BOGOF,36,111,Atliq_waterproof_Immersion_Rod,Home Appliances,Coimbatore,Diwali,12-11-2023,18-11-2023,36720,113220,75,76500
bc8315,STHYD-1,CAMP_DIW_01,P12,62,50% OFF,122,135,Atliq_Lime_Cool_Bathing_Bar (125GM),Personal Care,Hyderabad,Diwali,12-11-2023,18-11-2023,7564,8370,13,806
1f083a,STVJD-0,CAMP_SAN_01,P06,415,25% OFF,16,14,Atliq_Fusion_Container_Set_of_3,Home Care,Vijayawada,Sankranti,10-01-2024,16-01-2024,6640,5810,-2,-830
c1e0b6,STCHE-6,CAMP_SAN_01,P01,172,33% OFF,273,379,Atliq_Masoor_Dal (1KG),Grocery & Staples,Chennai,Sankranti,10-01-2024,16-01-2024,46956,65188,106,18232
f60d93,STCBE-0,CAMP_DIW_01,P05,55,25% OFF,78,75,Atliq_Scrub_Sponge_For_Dishwash,Home Care,Coimbatore,Diwali,12-11-2023,18-11-2023,4290,4125,-3,-165
a10402,STVSK-2,CAMP_SAN_01,P02,860,33% OFF,295,436,Atliq_Sonamasuri_Rice (10KG),Grocery & Staples,Visakhapatnam,Sankranti,10-01-2024,16-01-2024,253700,374960,141,121260
741bef,STMYS-0,CAMP_SAN_01,P13,350,BOGOF,114,287,Atliq_High_Glo_15W_LED_Bulb,Home Appliances,Mysuru,Sankranti,10-01-2024,16-01-2024,39900,100450,173,60550
105788,STCHE-0,CAMP_SAN_01,P07,300,BOGOF,58,232,Atliq_Curtains,Home Care,Chennai,Sankranti,10-01-2024,16-01-2024,17400,69600,174,52200
a85a9a,STHYD-2,CAMP_SAN_01,P10,50,25% OFF,42,31,Atliq_Cream_Beauty_Bathing_Soap (125GM),Personal Care,Hyderabad,Sankranti,10-01-2024,16-01-2024,2100,1550,-11,-550
4.47E+06,STVJD-0,CAMP_SAN_01,P04,370,BOGOF,253,1017,Atliq_Farm_Chakki_Atta (1KG),Grocery & Staples,Vijayawada,Sankranti,10-01-2024,16-01-2024,93610,376290,764,282680
830e9a,STCHE-1,CAMP_DIW_01,P01,172,33% OFF,325,396,Atliq_Masoor_Dal (1KG),Grocery & Staples,Chennai,Diwali,12-11-2023,18-11-2023,55900,68112,71,12212
29524a,STBLR-9,CAMP_SAN_01,P10,50,25% OFF,40,36,Atliq_Cream_Beauty_Bathing_Soap (125GM),Personal Care,Bengaluru,Sankranti,10-01-2024,16-01-2024,2000,1800,-4,-200
3ce076,STMLR-1,CAMP_DIW_01,P11,190,50% OFF,38,50,Atliq_Doodh_Kesar_Body_Lotion (200ML),Personal Care,Mangalore,Diwali,12-11-2023,18-11-2023,7220,9500,12,2280
32fa85,STCHE-3,CAMP_DIW_01,P05,55,25% OFF,106,92,Atliq_Scrub_Sponge_For_Dishwash,Home Care,Chennai,Diwali,12-11-2023,18-11-2023,5830,5060,-14,-770
42f304,STCBE-3,CAMP_DIW_01,P06,415,25% OFF,66,57,Atliq_Fusion_Container_Set_of_3,Home Care,Coimbatore,Diwali,12-11-2023,18-11-2023,27390,23655,-9,-3735
a929ed,STHYD-5,CAMP_DIW_01,P03,156,25% OFF,358,347,Atliq_Suflower_Oil (1L),Grocery & Staples,Hyderabad,Diwali,12-11-2023,18-11-2023,55848,54132,-11,-1716
6dae49,STBLR-1,CAMP_DIW_01,P05,55,25% OFF,117,114,Atliq_Scrub_Sponge_For_Dishwash,Home Care,Bengaluru,Diwali,12-11-2023,18-11-2023,6435,6270,-3,-165
3b54c7,STHYD-3,CAMP_DIW_01,P04,290,25% OFF,367,297,Atliq_Farm_Chakki_Atta (1KG),Grocery & Staples,Hyderabad,Diwali,12-11-2023,18-11-2023,106430,86130,-70,-20300
7d6e2a,STMLR-0,CAMP_DIW_01,P03,156,25% OFF,166,146,Atliq_Suflower_Oil (1L),Grocery & Staples,Mangalore,Diwali,12-11-2023,18-11-2023,25896,22776,-20,-3120
c8ce63,STMDU-0,CAMP_DIW_01,P15,3000,500 Cashback,369,1221,Atliq_Home_Essential_8_Product_Combo,Combo1,Madurai,Diwali,12-11-2023,18-11-2023,1107000,3663000,852,2556000
bd1314,STMYS-2,CAMP_SAN_01,P05,55,25% OFF,37,30,Atliq_Scrub_Sponge_For_Dishwash,Home Care,Mysuru,Sankranti,10-01-2024,16-01-2024,2035,1650,-7,-385
7634c0,STMLR-0,CAMP_SAN_01,P10,50,25% OFF,15,12,Atliq_Cream_Beauty_Bathing_Soap (125GM),Personal Care,Mangalore,Sankranti,10-01-2024,16-01-2024,750,600,-3,-150
d304f9,STCHE-5,CAMP_DIW_01,P04,290,25% OFF,309,268,Atliq_Farm_Chakki_Atta (1KG),Grocery & Staples,Chennai,Diwali,12-11-2023,18-11-2023,89610,77720,-41,-11890
34ac29,STMDU-0,CAMP_DIW_01,P06,415,25% OFF,73,64,Atliq_Fusion_Container_Set_of_3,Home Care,Madurai,Diwali,12-11-2023,18-11-2023,30295,26560,-9,-3735
57a7bc,STHYD-5,CAMP_SAN_01,P14,1020,BOGOF,100,391,Atliq_waterproof_Immersion_Rod,Home Appliances,Hyderabad,Sankranti,10-01-2024,16-01-2024,102000,398820,291,296820
70e65e,STCBE-0,CAMP_DIW_01,P15,3000,500 Cashback,320,937,Atliq_Home_Essential_8_Product_Combo,Combo1,Coimbatore,Diwali,12-11-2023,18-11-2023,960000,2811000,617,1851000
cf2a34,STHYD-3,CAMP_DIW_01,P06,415,25% OFF,106,81,Atliq_Fusion_Container_Set_of_3,Home Care,Hyderabad,Diwali,12-11-2023,18-11-2023,43990,33615,-25,-10375
1c1cb7,STHYD-5,CAMP_SAN_01,P10,50,25% OFF,39,35,Atliq_Cream_Beauty_Bathing_Soap (125GM),Personal Care,Hyderabad,Sankranti,10-01-2024,16-01-2024,1950,1750,-4,-200
8.25E+90,STBLR-3,CAMP_DIW_01,P05,55,25% OFF,112,88,Atliq_Scrub_Sponge_For_Dishwash,Home Care,Bengaluru,Diwali,12-11-2023,18-11-2023,6160,4840,-24,-1320
ad56bd,STMLR-2,CAMP_DIW_01,P09,110,50% OFF,36,37,Atliq_Body_Milk_Nourishing_Lotion (120ML),Personal Care,Mangalore,Diwali,12-11-2023,18-11-2023,3960,4070,1,110
32efe6,STVSK-3,CAMP_SAN_01,P08,1190,BOGOF,30,81,Atliq_Double_Bedsheet_set,Home Care,Visakhapatnam,Sankranti,10-01-2024,16-01-2024,35700,96390,51,60690
eaa64b,STBLR-3,CAMP_SAN_01,P09,90,25% OFF,58,43,Atliq_Body_Milk_Nourishing_Lotion (120ML),Personal Care,Bengaluru,Sankranti,10-01-2024,16-01-2024,5220,3870,-15,-1350
9e82db,STMDU-1,CAMP_DIW_01,P05,55,25% OFF,92,79,Atliq_Scrub_Sponge_For_Dishwash,Home Care,Madurai,Diwali,12-11-2023,18-11-2023,5060,4345,-13,-715
d5b8af,STVJD-1,CAMP_SAN_01,P11,190,50% OFF,25,35,Atliq_Doodh_Kesar_Body_Lotion (200ML),Personal Care,Vijayawada,Sankranti,10-01-2024,16-01-2024,4750,6650,10,1900
6d24bc,STMDU-2,CAMP_DIW_01,P03,156,25% OFF,206,179,Atliq_Suflower_Oil (1L),Grocery & Staples,Madurai,Diwali,12-11-2023,18-11-2023,32136,27924,-27,-4212
107747,STHYD-1,CAMP_SAN_01,P02,860,33% OFF,488,580,Atliq_Sonamasuri_Rice (10KG),Grocery & Staples,Hyderabad,Sankranti,10-01-2024,16-01-2024,419680,498800,92,79120
04da18,STVSK-4,CAMP_SAN_01,P03,200,BOGOF,223,604,Atliq_Suflower_Oil (1L),Grocery & Staples,Visakhapatnam,Sankranti,10-01-2024,16-01-2024,44600,120800,381,76200
3a3e96,STBLR-6,CAMP_DIW_01,P07,300,BOGOF,68,263,Atliq_Curtains,Home Care,Bengaluru,Diwali,12-11-2023,18-11-2023,20400,78900,195,58500
8f1624,STVJD-0,CAMP_DIW_01,P10,65,50% OFF,57,75,Atliq_Cream_Beauty_Bathing_Soap (125GM),Personal Care,Vijayawada,Diwali,12-11-2023,18-11-2023,3705,4875,18,1170
b8269b,STBLR-1,CAMP_DIW_01,P13,350,BOGOF,77,232,Atliq_High_Glo_15W_LED_Bulb,Home Appliances,Bengaluru,Diwali,12-11-2023,18-11-2023,26950,81200,155,54250
c6ca4d,STHYD-2,CAMP_SAN_01,P02,860,33% OFF,465,646,Atliq_Sonamasuri_Rice (10KG),Grocery & Staples,Hyderabad,Sankranti,10-01-2024,16-01-2024,399900,555560,181,155660
987463,STBLR-0,CAMP_SAN_01,P07,300,BOGOF,45,185,Atliq_Curtains,Home Care,Bengaluru,Sankranti,10-01-2024,16-01-2024,13500,55500,140,42000
0b51fe,STHYD-3,CAMP_SAN_01,P10,50,25% OFF,39,29,Atliq_Cream_Beauty_Bathing_Soap (125GM),Personal Care,Hyderabad,Sankranti,10-01-2024,16-01-2024,1950,1450,-10,-500
d1ceaf,STBLR-5,CAMP_SAN_01,P10,50,25% OFF,36,29,Atliq_Cream_Beauty_Bathing_Soap (125GM),Personal Care,Bengaluru,Sankranti,10-01-2024,16-01-2024,1800,1450,-7,-350
d834f0,STMYS-3,CAMP_SAN_01,P08,1190,BOGOF,34,147,Atliq_Double_Bedsheet_set,Home Care,Mysuru,Sankranti,10-01-2024,16-01-2024,40460,174930,113,134470
1ed982,STCHE-6,CAMP_DIW_01,P13,350,BOGOF,75,252,Atliq_High_Glo_15W_LED_Bulb,Home Appliances,Chennai,Diwali,12-11-2023,18-11-2023,26250,88200,177,61950
e9c690,STMDU-3,CAMP_SAN_01,P09,90,25% OFF,45,38,Atliq_Body_Milk_Nourishing_Lotion (120ML),Personal Care,Madurai,Sankranti,10-01-2024,16-01-2024,4050,3420,-7,-630
268ca2,STVJD-0,CAMP_SAN_01,P15,3000,500 Cashback,63,151,Atliq_Home_Essential_8_Product_Combo,Combo1,Vijayawada,Sankranti,10-01-2024,16-01-2024,189000,453000,88,264000
a1624e,STHYD-1,CAMP_DIW_01,P02,860,33% OFF,351,449,Atliq_Sonamasuri_Rice (10KG),Grocery & Staples,Hyderabad,Diwali,12-11-2023,18-11-2023,301860,386140,98,84280
31b59d,STVSK-3,CAMP_SAN_01,P10,50,25% OFF,27,21,Atliq_Cream_Beauty_Bathing_Soap (125GM),Personal Care,Visakhapatnam,Sankranti,10-01-2024,16-01-2024,1350,1050,-6,-300
82454e,STMLR-1,CAMP_DIW_01,P05,55,25% OFF,54,48,Atliq_Scrub_Sponge_For_Dishwash,Home Care,Mangalore,Diwali,12-11-2023,18-11-2023,2970,2640,-6,-330
1548f8,STVSK-4,CAMP_SAN_01,P15,3000,500 Cashback,100,175,Atliq_Home_Essential_8_Product_Combo,Combo1,Visakhapatnam,Sankranti,10-01-2024,16-01-2024,300000,525000,75,225000
84a2f4,STCHE-7,CAMP_SAN_01,P04,370,BOGOF,423,1801,Atliq_Farm_Chakki_Atta (1KG),Grocery & Staples,Chennai,Sankranti,10-01-2024,16-01-2024,156510,666370,1378,509860
9e59d5,STVSK-1,CAMP_DIW_01,P05,55,25% OFF,64,49,Atliq_Scrub_Sponge_For_Dishwash,Home Care,Visakhapatnam,Diwali,12-11-2023,18-11-2023,3520,2695,-15,-825
873333,STMLR-0,CAMP_DIW_01,P15,3000,500 Cashback,196,509,Atliq_Home_Essential_8_Product_Combo,Combo1,Mangalore,Diwali,12-11-2023,18-11-2023,588000,1527000,313,939000
8b751b,STMLR-0,CAMP_SAN_01,P05,55,25% OFF,15,12,Atliq_Scrub_Sponge_For_Dishwash,Home Care,Mangalore,Sankranti,10-01-2024,16-01-2024,825,660,-3,-165
f856b9,STMLR-2,CAMP_SAN_01,P15,3000,500 Cashback,66,147,Atliq_Home_Essential_8_Product_Combo,Combo1,Mangalore,Sankranti,10-01-2024,16-01-2024,198000,441000,81,243000
dcaa89,STHYD-6,CAMP_SAN_01,P13,350,BOGOF,100,403,Atliq_High_Glo_15W_LED_Bulb,Home Appliances,Hyderabad,Sankranti,10-01-2024,16-01-2024,35000,141050,303,106050
677e2c,STHYD-1,CAMP_SAN_01,P13,350,BOGOF,122,326,Atliq_High_Glo_15W_LED_Bulb,Home Appliances,Hyderabad,Sankranti,10-01-2024,16-01-2024,42700,114100,204,71400
b00eeb,STCHE-0,CAMP_SAN_01,P08,1190,BOGOF,51,196,Atliq_Double_Bedsheet_set,Home Care,Chennai,Sankranti,10-01-2024,16-01-2024,60690,233240,145,172550
8ff468,STVJD-0,CAMP_SAN_01,P03,200,BOGOF,193,773,Atliq_Suflower_Oil (1L),Grocery & Staples,Vijayawada,Sankranti,10-01-2024,16-01-2024,38600,154600,580,116000
72f6b4,STTRV-0,CAMP_SAN_01,P02,860,33% OFF,241,344,Atliq_Sonamasuri_Rice (10KG),Grocery & Staples,Trivandrum,Sankranti,10-01-2024,16-01-2024,207260,295840,103,88580
300664,STHYD-5,CAMP_DIW_01,P13,350,BOGOF,80,276,Atliq_High_Glo_15W_LED_Bulb,Home Appliances,Hyderabad,Diwali,12-11-2023,18-11-2023,28000,96600,196,68600
7ecbbb,STHYD-1,CAMP_DIW_01,P06,415,25% OFF,103,88,Atliq_Fusion_Container_Set_of_3,Home Care,Hyderabad,Diwali,12-11-2023,18-11-2023,42745,36520,-15,-6225
2dc515,STMYS-3,CAMP_SAN_01,P01,172,33% OFF,232,294,Atliq_Masoor_Dal (1KG),Grocery & Staples,Mysuru,Sankranti,10-01-2024,16-01-2024,39904,50568,62,10664
a4fb0b,STMDU-0,CAMP_SAN_01,P02,860,33% OFF,318,448,Atliq_Sonamasuri_Rice (10KG),Grocery & Staples,Madurai,Sankranti,10-01-2024,16-01-2024,273480,385280,130,111800
f2d198,STTRV-1,CAMP_DIW_01,P03,156,25% OFF,166,157,Atliq_Suflower_Oil (1L),Grocery & Staples,Trivandrum,Diwali,12-11-2023,18-11-2023,25896,24492,-9,-1404
df5c15,STBLR-5,CAMP_DIW_01,P06,415,25% OFF,101,90,Atliq_Fusion_Container_Set_of_3,Home Care,Bengaluru,Diwali,12-11-2023,18-11-2023,41915,37350,-11,-4565
4e6a19,STHYD-3,CAMP_SAN_01,P07,300,BOGOF,45,121,Atliq_Curtains,Home Care,Hyderabad,Sankranti,10-01-2024,16-01-2024,13500,36300,76,22800
6436da,STMDU-1,CAMP_SAN_01,P08,1190,BOGOF,30,118,Atliq_Double_Bedsheet_set,Home Care,Madurai,Sankranti,10-01-2024,16-01-2024,35700,140420,88,104720
852b4f,STHYD-5,CAMP_SAN_01,P12,62,50% OFF,49,70,Atliq_Lime_Cool_Bathing_Bar (125GM),Personal Care,Hyderabad,Sankranti,10-01-2024,16-01-2024,3038,4340,21,1302
26322a,STMLR-0,CAMP_DIW_01,P10,65,50% OFF,52,71,Atliq_Cream_Beauty_Bathing_Soap (125GM),Personal Care,Mangalore,Diwali,12-11-2023,18-11-2023,3380,4615,19,1235
57576d,STBLR-5,CAMP_SAN_01,P08,1190,BOGOF,49,194,Atliq_Double_Bedsheet_set,Home Care,Bengaluru,Sankranti,10-01-2024,16-01-2024,58310,230860,145,172550
af646e,STHYD-4,CAMP_SAN_01,P11,190,50% OFF,54,78,Atliq_Doodh_Kesar_Body_Lotion (200ML),Personal Care,Hyderabad,Sankranti,10-01-2024,16-01-2024,10260,14820,24,4560
ccbc3a,STTRV-0,CAMP_DIW_01,P06,415,25% OFF,52,49,Atliq_Fusion_Container_Set_of_3,Home Care,Trivandrum,Diwali,12-11-2023,18-11-2023,21580,20335,-3,-1245
572031,STBLR-6,CAMP_SAN_01,P03,200,BOGOF,423,1734,Atliq_Suflower_Oil (1L),Grocery & Staples,Bengaluru,Sankranti,10-01-2024,16-01-2024,84600,346800,1311,262200
5a21a5,STBLR-4,CAMP_SAN_01,P10,50,25% OFF,31,26,Atliq_Cream_Beauty_Bathing_Soap (125GM),Personal Care,Bengaluru,Sankranti,10-01-2024,16-01-2024,1550,1300,-5,-250
c6bf42,STCBE-3,CAMP_DIW_01,P07,300,BOGOF,52,173,Atliq_Curtains,Home Care,Coimbatore,Diwali,12-11-2023,18-11-2023,15600,51900,121,36300
f5ff07,STCHE-6,CAMP_DIW_01,P11,190,50% OFF,80,100,Atliq_Doodh_Kesar_Body_Lotion (200ML),Personal Care,Chennai,Diwali,12-11-2023,18-11-2023,15200,19000,20,3800
2c8137,STVSK-3,CAMP_SAN_01,P07,300,BOGOF,31,77,Atliq_Curtains,Home Care,Visakhapatnam,Sankranti,10-01-2024,16-01-2024,9300,23100,46,13800
4e3a3d,STVJD-0,CAMP_DIW_01,P02,860,33% OFF,197,285,Atliq_Sonamasuri_Rice (10KG),Grocery & Staples,Vijayawada,Diwali,12-11-2023,18-11-2023,169420,245100,88,75680
582098,STMYS-1,CAMP_SAN_01,P14,1020,BOGOF,109,453,Atliq_waterproof_Immersion_Rod,Home Appliances,Mysuru,Sankranti,10-01-2024,16-01-2024,111180,462060,344,350880
9387d1,STHYD-6,CAMP_DIW_01,P02,860,33% OFF,329,470,Atliq_Sonamasuri_Rice (10KG),Grocery & Staples,Hyderabad,Diwali,12-11-2023,18-11-2023,282940,404200,141,121260
6c9451,STVSK-0,CAMP_DIW_01,P03,156,25% OFF,259,225,Atliq_Suflower_Oil (1L),Grocery & Staples,Visakhapatnam,Diwali,12-11-2023,18-11-2023,40404,35100,-34,-5304
9c74f7,STBLR-9,CAMP_DIW_01,P09,110,50% OFF,71,90,Atliq_Body_Milk_Nourishing_Lotion (120ML),Personal Care,Bengaluru,Diwali,12-11-2023,18-11-2023,7810,9900,19,2090
c3bbcc,STBLR-2,CAMP_SAN_01,P07,300,BOGOF,31,122,Atliq_Curtains,Home Care,Bengaluru,Sankranti,10-01-2024,16-01-2024,9300,36600,91,27300
00a25a,STCHE-3,CAMP_SAN_01,P12,62,50% OFF,64,89,Atliq_Lime_Cool_Bathing_Bar (125GM),Personal Care,Chennai,Sankranti,10-01-2024,16-01-2024,3968,5518,25,1550
7b0f7d,STVJD-1,CAMP_DIW_01,P01,172,33% OFF,180,255,Atliq_Masoor_Dal (1KG),Grocery & Staples,Vijayawada,Diwali,12-11-2023,18-11-2023,30960,43860,75,12900
b484bd,STTRV-1,CAMP_DIW_01,P06,415,25% OFF,36,34,Atliq_Fusion_Container_Set_of_3,Home Care,Trivandrum,Diwali,12-11-2023,18-11-2023,14940,14110,-2,-830
3aaafb,STMDU-2,CAMP_DIW_01,P06,415,25% OFF,50,43,Atliq_Fusion_Container_Set_of_3,Home Care,Madurai,Diwali,12-11-2023,18-11-2023,20750,17845,-7,-2905
20d916,STCBE-1,CAMP_DIW_01,P07,300,BOGOF,57,188,Atliq_Curtains,Home Care,Coimbatore,Diwali,12-11-2023,18-11-2023,17100,56400,131,39300
eccfbe,STCHE-1,CAMP_DIW_01,P02,860,33% OFF,364,451,Atliq_Sonamasuri_Rice (10KG),Grocery & Staples,Chennai,Diwali,12-11-2023,18-11-2023,313040,387860,87,74820
71a7a0,STCHE-6,CAMP_DIW_01,P14,1020,BOGOF,59,195,Atliq_waterproof_Immersion_Rod,Home Appliances,Chennai,Diwali,12-11-2023,18-11-2023,60180,198900,136,138720
fd2628,STBLR-8,CAMP_DIW_01,P15,3000,500 Cashback,437,1306,Atliq_Home_Essential_8_Product_Combo,Combo1,Bengaluru,Diwali,12-11-2023,18-11-2023,1311000,3918000,869,2607000
7b187a,STVSK-1,CAMP_SAN_01,P14,1020,BOGOF,82,322,Atliq_waterproof_Immersion_Rod,Home Appliances,Visakhapatnam,Sankranti,10-01-2024,16-01-2024,83640,328440,240,244800
345b49,STMDU-2,CAMP_SAN_01,P14,1020,BOGOF,76,300,Atliq_waterproof_Immersion_Rod,Home Appliances,Madurai,Sankranti,10-01-2024,16-01-2024,77520,306000,224,228480
1c4a78,STMLR-2,CAMP_SAN_01,P12,62,50% OFF,27,31,Atliq_Lime_Cool_Bathing_Bar (125GM),Personal Care,Mangalore,Sankranti,10-01-2024,16-01-2024,1674,1922,4,248
70c312,STHYD-4,CAMP_SAN_01,P13,350,BOGOF,135,534,Atliq_High_Glo_15W_LED_Bulb,Home Appliances,Hyderabad,Sankranti,10-01-2024,16-01-2024,47250,186900,399,139650
1ee94b,STHYD-0,CAMP_DIW_01,P13,350,BOGOF,68,235,Atliq_High_Glo_15W_LED_Bulb,Home Appliances,Hyderabad,Diwali,12-11-2023,18-11-2023,23800,82250,167,58450
c381ea,STMLR-1,CAMP_SAN_01,P08,1190,BOGOF,27,106,Atliq_Double_Bedsheet_set,Home Care,Mangalore,Sankranti,10-01-2024,16-01-2024,32130,126140,79,94010
8724c8,STCBE-4,CAMP_SAN_01,P04,370,BOGOF,363,990,Atliq_Farm_Chakki_Atta (1KG),Grocery & Staples,Coimbatore,Sankranti,10-01-2024,16-01-2024,134310,366300,627,231990
8f3699,STVSK-3,CAMP_DIW_01,P03,156,25% OFF,196,174,Atliq_Suflower_Oil (1L),Grocery & Staples,Visakhapatnam,Diwali,12-11-2023,18-11-2023,30576,27144,-22,-3432
bfb2b4,STBLR-7,CAMP_SAN_01,P13,350,BOGOF,133,559,Atliq_High_Glo_15W_LED_Bulb,Home Appliances,Bengaluru,Sankranti,10-01-2024,16-01-2024,46550,195650,426,149100
19e2f0,STCHE-7,CAMP_SAN_01,P11,190,50% OFF,58,81,Atliq_Doodh_Kesar_Body_Lotion (200ML),Personal Care,Chennai,Sankranti,10-01-2024,16-01-2024,11020,15390,23,4370
a0d919,STMDU-1,CAMP_DIW_01,P08,1190,BOGOF,35,122,Atliq_Double_Bedsheet_set,Home Care,Madurai,Diwali,12-11-2023,18-11-2023,41650,145180,87,103530
98c85b,STMLR-2,CAMP_DIW_01,P13,350,BOGOF,38,133,Atliq_High_Glo_15W_LED_Bulb,Home Appliances,Mangalore,Diwali,12-11-2023,18-11-2023,13300,46550,95,33250
d60641,STHYD-0,CAMP_DIW_01,P03,156,25% OFF,351,305,Atliq_Suflower_Oil (1L),Grocery & Staples,Hyderabad,Diwali,12-11-2023,18-11-2023,54756,47580,-46,-7176
a340fc,STBLR-4,CAMP_DIW_01,P05,55,25% OFF,136,121,Atliq_Scrub_Sponge_For_Dishwash,Home Care,Bengaluru,Diwali,12-11-2023,18-11-2023,7480,6655,-15,-825
4dca21,STVSK-1,CAMP_SAN_01,P04,370,BOGOF,252,985,Atliq_Farm_Chakki_Atta (1KG),Grocery & Staples,Visakhapatnam,Sankranti,10-01-2024,16-01-2024,93240,364450,733,271210
ff18f2,STVSK-3,CAMP_DIW_01,P15,3000,500 Cashback,260,681,Atliq_Home_Essential_8_Product_Combo,Combo1,Visakhapatnam,Diwali,12-11-2023,18-11-2023,780000,2043000,421,1263000
b79fd9,STVJD-1,CAMP_DIW_01,P04,290,25% OFF,150,123,Atliq_Farm_Chakki_Atta (1KG),Grocery & Staples,Vijayawada,Diwali,12-11-2023,18-11-2023,43500,35670,-27,-7830
c23e33,STHYD-6,CAMP_SAN_01,P11,190,50% OFF,49,69,Atliq_Doodh_Kesar_Body_Lotion (200ML),Personal Care,Hyderabad,Sankranti,10-01-2024,16-01-2024,9310,13110,20,3800
cf734f,STHYD-4,CAMP_SAN_01,P08,1190,BOGOF,51,203,Atliq_Double_Bedsheet_set,Home Care,Hyderabad,Sankranti,10-01-2024,16-01-2024,60690,241570,152,180880
0951b6,STMYS-1,CAMP_DIW_01,P09,110,50% OFF,103,159,Atliq_Body_Milk_Nourishing_Lotion (120ML),Personal Care,Mysuru,Diwali,12-11-2023,18-11-2023,11330,17490,56,6160
413f48,STVSK-0,CAMP_SAN_01,P14,1020,BOGOF,61,234,Atliq_waterproof_Immersion_Rod,Home Appliances,Visakhapatnam,Sankranti,10-01-2024,16-01-2024,62220,238680,173,176460
de1ced,STCHE-3,CAMP_DIW_01,P03,156,25% OFF,330,290,Atliq_Suflower_Oil (1L),Grocery & Staples,Chennai,Diwali,12-11-2023,18-11-2023,51480,45240,-40,-6240
291ddf,STCBE-1,CAMP_SAN_01,P03,200,BOGOF,267,1054,Atliq_Suflower_Oil (1L),Grocery & Staples,Coimbatore,Sankranti,10-01-2024,16-01-2024,53400,210800,787,157400
aa1bbd,STCBE-0,CAMP_SAN_01,P10,50,25% OFF,25,22,Atliq_Cream_Beauty_Bathing_Soap (125GM),Personal Care,Coimbatore,Sankranti,10-01-2024,16-01-2024,1250,1100,-3,-150
53a947,STBLR-1,CAMP_SAN_01,P06,415,25% OFF,39,36,Atliq_Fusion_Container_Set_of_3,Home Care,Bengaluru,Sankranti,10-01-2024,16-01-2024,16185,14940,-3,-1245
b8f698,STMDU-3,CAMP_DIW_01,P10,65,50% OFF,68,76,Atliq_Cream_Beauty_Bathing_Soap (125GM),Personal Care,Madurai,Diwali,12-11-2023,18-11-2023,4420,4940,8,520
13ad42,STMDU-0,CAMP_DIW_01,P03,156,25% OFF,241,209,Atliq_Suflower_Oil (1L),Grocery & Staples,Madurai,Diwali,12-11-2023,18-11-2023,37596,32604,-32,-4992
93e61f,STBLR-4,CAMP_DIW_01,P10,65,50% OFF,92,120,Atliq_Cream_Beauty_Bathing_Soap (125GM),Personal Care,Bengaluru,Diwali,12-11-2023,18-11-2023,5980,7800,28,1820
3070a3,STVSK-3,CAMP_DIW_01,P10,65,50% OFF,68,76,Atliq_Cream_Beauty_Bathing_Soap (125GM),Personal Care,Visakhapatnam,Diwali,12-11-2023,18-11-2023,4420,4940,8,520
cf0a2a,STHYD-3,CAMP_DIW_01,P09,110,50% OFF,92,147,Atliq_Body_Milk_Nourishing_Lotion (120ML),Personal Care,Hyderabad,Diwali,12-11-2023,18-11-2023,10120,16170,55,6050
ae5745,STCBE-4,CAMP_DIW_01,P06,415,25% OFF,68,61,Atliq_Fusion_Container_Set_of_3,Home Care,Coimbatore,Diwali,12-11-2023,18-11-2023,28220,25315,-7,-2905
695cd9,STTRV-1,CAMP_SAN_01,P07,300,BOGOF,21,82,Atliq_Curtains,Home Care,Trivandrum,Sankranti,10-01-2024,16-01-2024,6300,24600,61,18300
b76614,STMLR-0,CAMP_SAN_01,P12,62,50% OFF,33,47,Atliq_Lime_Cool_Bathing_Bar (125GM),Personal Care,Mangalore,Sankranti,10-01-2024,16-01-2024,2046,2914,14,868
d42636,STBLR-6,CAMP_SAN_01,P05,55,25% OFF,25,20,Atliq_Scrub_Sponge_For_Dishwash,Home Care,Bengaluru,Sankranti,10-01-2024,16-01-2024,1375,1100,-5,-275
d9d3f4,STMYS-1,CAMP_DIW_01,P10,65,50% OFF,103,158,Atliq_Cream_Beauty_Bathing_Soap (125GM),Personal Care,Mysuru,Diwali,12-11-2023,18-11-2023,6695,10270,55,3575
8cbaa3,STHYD-2,CAMP_SAN_01,P08,1190,BOGOF,60,238,Atliq_Double_Bedsheet_set,Home Care,Hyderabad,Sankranti,10-01-2024,16-01-2024,71400,283220,178,211820
aaea9e,STTRV-0,CAMP_DIW_01,P10,65,50% OFF,68,93,Atliq_Cream_Beauty_Bathing_Soap (125GM),Personal Care,Trivandrum,Diwali,12-11-2023,18-11-2023,4420,6045,25,1625
34a266,STMLR-0,CAMP_DIW_01,P08,1190,BOGOF,24,70,Atliq_Double_Bedsheet_set,Home Care,Mangalore,Diwali,12-11-2023,18-11-2023,28560,83300,46,54740
b017e0,STMDU-3,CAMP_DIW_01,P02,860,33% OFF,276,345,Atliq_Sonamasuri_Rice (10KG),Grocery & Staples,Madurai,Diwali,12-11-2023,18-11-2023,237360,296700,69,59340
7014a8,STBLR-8,CAMP_SAN_01,P14,1020,BOGOF,97,385,Atliq_waterproof_Immersion_Rod,Home Appliances,Bengaluru,Sankranti,10-01-2024,16-01-2024,98940,392700,288,293760
9e2de4,STMLR-0,CAMP_SAN_01,P07,300,BOGOF,21,54,Atliq_Curtains,Home Care,Mangalore,Sankranti,10-01-2024,16-01-2024,6300,16200,33,9900
ec29f9,STTRV-1,CAMP_SAN_01,P06,415,25% OFF,21,19,Atliq_Fusion_Container_Set_of_3,Home Care,Trivandrum,Sankranti,10-01-2024,16-01-2024,8715,7885,-2,-830
5c50b6,STHYD-6,CAMP_SAN_01,P09,90,25% OFF,55,45,Atliq_Body_Milk_Nourishing_Lotion (120ML),Personal Care,Hyderabad,Sankranti,10-01-2024,16-01-2024,4950,4050,-10,-900
e2a523,STHYD-5,CAMP_DIW_01,P07,300,BOGOF,59,195,Atliq_Curtains,Home Care,Hyderabad,Diwali,12-11-2023,18-11-2023,17700,58500,136,40800
166a02,STCHE-6,CAMP_SAN_01,P13,350,BOGOF,111,445,Atliq_High_Glo_15W_LED_Bulb,Home Appliances,Chennai,Sankranti,10-01-2024,16-01-2024,38850,155750,334,116900
61b929,STVSK-2,CAMP_DIW_01,P14,1020,BOGOF,33,109,Atliq_waterproof_Immersion_Rod,Home Appliances,Visakhapatnam,Diwali,12-11-2023,18-11-2023,33660,111180,76,77520
908a96,STHYD-4,CAMP_SAN_01,P12,62,50% OFF,52,72,Atliq_Lime_Cool_Bathing_Bar (125GM),Personal Care,Hyderabad,Sankranti,10-01-2024,16-01-2024,3224,4464,20,1240
d0f417,STCBE-4,CAMP_DIW_01,P12,62,50% OFF,89,112,Atliq_Lime_Cool_Bathing_Bar (125GM),Personal Care,Coimbatore,Diwali,12-11-2023,18-11-2023,5518,6944,23,1426
c4b10c,STCHE-5,CAMP_DIW_01,P06,415,25% OFF,87,77,Atliq_Fusion_Container_Set_of_3,Home Care,Chennai,Diwali,12-11-2023,18-11-2023,36105,31955,-10,-4150
e39703,STBLR-9,CAMP_DIW_01,P08,1190,BOGOF,47,163,Atliq_Double_Bedsheet_set,Home Care,Bengaluru,Diwali,12-11-2023,18-11-2023,55930,193970,116,138040
1.11E+11,STMYS-3,CAMP_SAN_01,P11,190,50% OFF,43,48,Atliq_Doodh_Kesar_Body_Lotion (200ML),Personal Care,Mysuru,Sankranti,10-01-2024,16-01-2024,8170,9120,5,950
029ff8,STMLR-0,CAMP_SAN_01,P01,172,33% OFF,169,236,Atliq_Masoor_Dal (1KG),Grocery & Staples,Mangalore,Sankranti,10-01-2024,16-01-2024,29068,40592,67,11524
daff65,STMLR-0,CAMP_DIW_01,P11,190,50% OFF,35,45,Atliq_Doodh_Kesar_Body_Lotion (200ML),Personal Care,Mangalore,Diwali,12-11-2023,18-11-2023,6650,8550,10,1900
108a63,STHYD-3,CAMP_SAN_01,P05,55,25% OFF,30,22,Atliq_Scrub_Sponge_For_Dishwash,Home Care,Hyderabad,Sankranti,10-01-2024,16-01-2024,1650,1210,-8,-440
e7d681,STCHE-5,CAMP_DIW_01,P13,350,BOGOF,66,226,Atliq_High_Glo_15W_LED_Bulb,Home Appliances,Chennai,Diwali,12-11-2023,18-11-2023,23100,79100,160,56000
02fa4b,STVSK-4,CAMP_DIW_01,P01,172,33% OFF,155,218,Atliq_Masoor_Dal (1KG),Grocery & Staples,Visakhapatnam,Diwali,12-11-2023,18-11-2023,26660,37496,63,10836
2b0a40,STHYD-2,CAMP_DIW_01,P13,350,BOGOF,82,273,Atliq_High_Glo_15W_LED_Bulb,Home Appliances,Hyderabad,Diwali,12-11-2023,18-11-2023,28700,95550,191,66850
406a98,STBLR-5,CAMP_SAN_01,P01,172,33% OFF,264,361,Atliq_Masoor_Dal (1KG),Grocery & Staples,Bengaluru,Sankranti,10-01-2024,16-01-2024,45408,62092,97,16684
ad1849,STCHE-1,CAMP_DIW_01,P05,55,25% OFF,119,107,Atliq_Scrub_Sponge_For_Dishwash,Home Care,Chennai,Diwali,12-11-2023,18-11-2023,6545,5885,-12,-660
cfa879,STCHE-4,CAMP_SAN_01,P13,350,BOGOF,114,502,Atliq_High_Glo_15W_LED_Bulb,Home Appliances,Chennai,Sankranti,10-01-2024,16-01-2024,39900,175700,388,135800
d2b963,STVJD-0,CAMP_SAN_01,P14,1020,BOGOF,48,187,Atliq_waterproof_Immersion_Rod,Home Appliances,Vijayawada,Sankranti,10-01-2024,16-01-2024,48960,190740,139,141780
2e3393,STCHE-3,CAMP_SAN_01,P14,1020,BOGOF,112,460,Atliq_waterproof_Immersion_Rod,Home Appliances,Chennai,Sankranti,10-01-2024,16-01-2024,114240,469200,348,354960
68718c,STCHE-0,CAMP_DIW_01,P04,290,25% OFF,309,265,Atliq_Farm_Chakki_Atta (1KG),Grocery & Staples,Chennai,Diwali,12-11-2023,18-11-2023,89610,76850,-44,-12760
591730,STBLR-2,CAMP_SAN_01,P09,90,25% OFF,64,53,Atliq_Body_Milk_Nourishing_Lotion (120ML),Personal Care,Bengaluru,Sankranti,10-01-2024,16-01-2024,5760,4770,-11,-990
7d1872,STMYS-2,CAMP_DIW_01,P02,860,33% OFF,283,430,Atliq_Sonamasuri_Rice (10KG),Grocery & Staples,Mysuru,Diwali,12-11-2023,18-11-2023,243380,369800,147,126420
4b3df6,STTRV-1,CAMP_SAN_01,P14,1020,BOGOF,61,234,Atliq_waterproof_Immersion_Rod,Home Appliances,Trivandrum,Sankranti,10-01-2024,16-01-2024,62220,238680,173,176460
55b461,STMDU-0,CAMP_SAN_01,P06,415,25% OFF,21,17,Atliq_Fusion_Container_Set_of_3,Home Care,Madurai,Sankranti,10-01-2024,16-01-2024,8715,7055,-4,-1660
6b26bc,STHYD-2,CAMP_SAN_01,P05,55,25% OFF,24,18,Atliq_Scrub_Sponge_For_Dishwash,Home Care,Hyderabad,Sankranti,10-01-2024,16-01-2024,1320,990,-6,-330
dbd453,STMLR-1,CAMP_SAN_01,P03,200,BOGOF,195,776,Atliq_Suflower_Oil (1L),Grocery & Staples,Mangalore,Sankranti,10-01-2024,16-01-2024,39000,155200,581,116200
1fcb3a,STVSK-4,CAMP_DIW_01,P05,55,25% OFF,89,72,Atliq_Scrub_Sponge_For_Dishwash,Home Care,Visakhapatnam,Diwali,12-11-2023,18-11-2023,4895,3960,-17,-935
0a45d8,STTRV-0,CAMP_DIW_01,P02,860,33% OFF,196,303,Atliq_Sonamasuri_Rice (10KG),Grocery & Staples,Trivandrum,Diwali,12-11-2023,18-11-2023,168560,260580,107,92020
e4235a,STVJD-0,CAMP_SAN_01,P09,90,25% OFF,33,30,Atliq_Body_Milk_Nourishing_Lotion (120ML),Personal Care,Vijayawada,Sankranti,10-01-2024,16-01-2024,2970,2700,-3,-270
ca1e8f,STHYD-1,CAMP_DIW_01,P08,1190,BOGOF,54,167,Atliq_Double_Bedsheet_set,Home Care,Hyderabad,Diwali,12-11-2023,18-11-2023,64260,198730,113,134470
aa76f1,STHYD-0,CAMP_SAN_01,P11,190,50% OFF,42,65,Atliq_Doodh_Kesar_Body_Lotion (200ML),Personal Care,Hyderabad,Sankranti,10-01-2024,16-01-2024,7980,12350,23,4370
e8aca2,STCBE-4,CAMP_DIW_01,P08,1190,BOGOF,40,119,Atliq_Double_Bedsheet_set,Home Care,Coimbatore,Diwali,12-11-2023,18-11-2023,47600,141610,79,94010
c8670a,STCHE-0,CAMP_DIW_01,P15,3000,500 Cashback,343,1056,Atliq_Home_Essential_8_Product_Combo,Combo1,Chennai,Diwali,12-11-2023,18-11-2023,1029000,3168000,713,2139000
c99d18,STCHE-7,CAMP_DIW_01,P08,1190,BOGOF,54,218,Atliq_Double_Bedsheet_set,Home Care,Chennai,Diwali,12-11-2023,18-11-2023,64260,259420,164,195160
bcbc28,STVSK-1,CAMP_DIW_01,P02,860,33% OFF,253,389,Atliq_Sonamasuri_Rice (10KG),Grocery & Staples,Visakhapatnam,Diwali,12-11-2023,18-11-2023,217580,334540,136,116960
d7e3d8,STVJD-1,CAMP_DIW_01,P13,350,BOGOF,36,124,Atliq_High_Glo_15W_LED_Bulb,Home Appliances,Vijayawada,Diwali,12-11-2023,18-11-2023,12600,43400,88,30800
5991de,STMDU-0,CAMP_DIW_01,P09,110,50% OFF,43,58,Atliq_Body_Milk_Nourishing_Lotion (120ML),Personal Care,Madurai,Diwali,12-11-2023,18-11-2023,4730,6380,15,1650
4ad894,STMLR-1,CAMP_DIW_01,P03,156,25% OFF,192,165,Atliq_Suflower_Oil (1L),Grocery & Staples,Mangalore,Diwali,12-11-2023,18-11-2023,29952,25740,-27,-4212
72f1c0,STVSK-4,CAMP_DIW_01,P11,190,50% OFF,57,72,Atliq_Doodh_Kesar_Body_Lotion (200ML),Personal Care,Visakhapatnam,Diwali,12-11-2023,18-11-2023,10830,13680,15,2850
465ef1,STCHE-4,CAMP_DIW_01,P04,290,25% OFF,304,273,Atliq_Farm_Chakki_Atta (1KG),Grocery & Staples,Chennai,Diwali,12-11-2023,18-11-2023,88160,79170,-31,-8990
db76f3,STBLR-0,CAMP_DIW_01,P01,172,33% OFF,294,438,Atliq_Masoor_Dal (1KG),Grocery & Staples,Bengaluru,Diwali,12-11-2023,18-11-2023,50568,75336,144,24768
8f4f8c,STVJD-1,CAMP_DIW_01,P02,860,33% OFF,210,321,Atliq_Sonamasuri_Rice (10KG),Grocery & Staples,Vijayawada,Diwali,12-11-2023,18-11-2023,180600,276060,111,95460
dd2475,STBLR-4,CAMP_DIW_01,P04,290,25% OFF,325,289,Atliq_Farm_Chakki_Atta (1KG),Grocery & Staples,Bengaluru,Diwali,12-11-2023,18-11-2023,94250,83810,-36,-10440
a0a2ec,STBLR-8,CAMP_SAN_01,P01,172,33% OFF,346,491,Atliq_Masoor_Dal (1KG),Grocery & Staples,Bengaluru,Sankranti,10-01-2024,16-01-2024,59512,84452,145,24940
0f1be6,STCBE-2,CAMP_DIW_01,P12,62,50% OFF,89,129,Atliq_Lime_Cool_Bathing_Bar (125GM),Personal Care,Coimbatore,Diwali,12-11-2023,18-11-2023,5518,7998,40,2480
5b357f,STMDU-1,CAMP_DIW_01,P15,3000,500 Cashback,322,985,Atliq_Home_Essential_8_Product_Combo,Combo1,Madurai,Diwali,12-11-2023,18-11-2023,966000,2955000,663,1989000
380012,STMDU-3,CAMP_DIW_01,P06,415,25% OFF,56,50,Atliq_Fusion_Container_Set_of_3,Home Care,Madurai,Diwali,12-11-2023,18-11-2023,23240,20750,-6,-2490
3906da,STMLR-2,CAMP_SAN_01,P09,90,25% OFF,33,27,Atliq_Body_Milk_Nourishing_Lotion (120ML),Personal Care,Mangalore,Sankranti,10-01-2024,16-01-2024,2970,2430,-6,-540
c917a3,STCHE-3,CAMP_DIW_01,P04,290,25% OFF,350,311,Atliq_Farm_Chakki_Atta (1KG),Grocery & Staples,Chennai,Diwali,12-11-2023,18-11-2023,101500,90190,-39,-11310
3a8b79,STMDU-0,CAMP_DIW_01,P07,300,BOGOF,49,199,Atliq_Curtains,Home Care,Madurai,Diwali,12-11-2023,18-11-2023,14700,59700,150,45000
c48008,STBLR-2,CAMP_DIW_01,P14,1020,BOGOF,47,162,Atliq_waterproof_Immersion_Rod,Home Appliances,Bengaluru,Diwali,12-11-2023,18-11-2023,47940,165240,115,117300
88a405,STMLR-2,CAMP_DIW_01,P12,62,50% OFF,63,71,Atliq_Lime_Cool_Bathing_Bar (125GM),Personal Care,Mangalore,Diwali,12-11-2023,18-11-2023,3906,4402,8,496
1ba928,STMDU-1,CAMP_DIW_01,P04,290,25% OFF,255,219,Atliq_Farm_Chakki_Atta (1KG),Grocery & Staples,Madurai,Diwali,12-11-2023,18-11-2023,73950,63510,-36,-10440
7d5e81,STCHE-5,CAMP_SAN_01,P07,300,BOGOF,43,167,Atliq_Curtains,Home Care,Chennai,Sankranti,10-01-2024,16-01-2024,12900,50100,124,37200
43feca,STMDU-3,CAMP_DIW_01,P13,350,BOGOF,56,184,Atliq_High_Glo_15W_LED_Bulb,Home Appliances,Madurai,Diwali,12-11-2023,18-11-2023,19600,64400,128,44800
9779b0,STVSK-2,CAMP_DIW_01,P10,65,50% OFF,85,128,Atliq_Cream_Beauty_Bathing_Soap (125GM),Personal Care,Visakhapatnam,Diwali,12-11-2023,18-11-2023,5525,8320,43,2795
bd2635,STHYD-5,CAMP_DIW_01,P04,290,25% OFF,327,310,Atliq_Farm_Chakki_Atta (1KG),Grocery & Staples,Hyderabad,Diwali,12-11-2023,18-11-2023,94830,89900,-17,-4930
4f255c,STHYD-1,CAMP_SAN_01,P08,1190,BOGOF,52,134,Atliq_Double_Bedsheet_set,Home Care,Hyderabad,Sankranti,10-01-2024,16-01-2024,61880,159460,82,97580
386fdc,STVSK-1,CAMP_DIW_01,P01,172,33% OFF,257,364,Atliq_Masoor_Dal (1KG),Grocery & Staples,Visakhapatnam,Diwali,12-11-2023,18-11-2023,44204,62608,107,18404
3df185,STCBE-2,CAMP_DIW_01,P11,190,50% OFF,40,62,Atliq_Doodh_Kesar_Body_Lotion (200ML),Personal Care,Coimbatore,Diwali,12-11-2023,18-11-2023,7600,11780,22,4180
a37f93,STVSK-3,CAMP_DIW_01,P14,1020,BOGOF,38,117,Atliq_waterproof_Immersion_Rod,Home Appliances,Visakhapatnam,Diwali,12-11-2023,18-11-2023,38760,119340,79,80580
939435,STMLR-2,CAMP_SAN_01,P07,300,BOGOF,24,96,Atliq_Curtains,Home Care,Mangalore,Sankranti,10-01-2024,16-01-2024,7200,28800,72,21600
38b760,STMDU-0,CAMP_DIW_01,P14,1020,BOGOF,33,126,Atliq_waterproof_Immersion_Rod,Home Appliances,Madurai,Diwali,12-11-2023,18-11-2023,33660,128520,93,94860
660f7c,STMYS-1,CAMP_SAN_01,P07,300,BOGOF,43,186,Atliq_Curtains,Home Care,Mysuru,Sankranti,10-01-2024,16-01-2024,12900,55800,143,42900
5c8b9f,STMDU-1,CAMP_DIW_01,P01,172,33% OFF,187,289,Atliq_Masoor_Dal (1KG),Grocery & Staples,Madurai,Diwali,12-11-2023,18-11-2023,32164,49708,102,17544
9.57E+11,STHYD-1,CAMP_SAN_01,P15,3000,500 Cashback,103,177,Atliq_Home_Essential_8_Product_Combo,Combo1,Hyderabad,Sankranti,10-01-2024,16-01-2024,309000,531000,74,222000
ddddb3,STBLR-2,CAMP_DIW_01,P09,110,50% OFF,103,136,Atliq_Body_Milk_Nourishing_Lotion (120ML),Personal Care,Bengaluru,Diwali,12-11-2023,18-11-2023,11330,14960,33,3630
90b2fb,STCHE-6,CAMP_DIW_01,P07,300,BOGOF,59,201,Atliq_Curtains,Home Care,Chennai,Diwali,12-11-2023,18-11-2023,17700,60300,142,42600
cf9994,STCHE-5,CAMP_SAN_01,P10,50,25% OFF,37,31,Atliq_Cream_Beauty_Bathing_Soap (125GM),Personal Care,Chennai,Sankranti,10-01-2024,16-01-2024,1850,1550,-6,-300
fb4f00,STCHE-0,CAMP_DIW_01,P11,190,50% OFF,80,102,Atliq_Doodh_Kesar_Body_Lotion (200ML),Personal Care,Chennai,Diwali,12-11-2023,18-11-2023,15200,19380,22,4180
b41e58,STCBE-4,CAMP_DIW_01,P02,860,33% OFF,255,377,Atliq_Sonamasuri_Rice (10KG),Grocery & Staples,Coimbatore,Diwali,12-11-2023,18-11-2023,219300,324220,122,104920
567271,STMDU-0,CAMP_DIW_01,P10,65,50% OFF,78,102,Atliq_Cream_Beauty_Bathing_Soap (125GM),Personal Care,Madurai,Diwali,12-11-2023,18-11-2023,5070,6630,24,1560
902a62,STHYD-2,CAMP_DIW_01,P06,415,25% OFF,96,77,Atliq_Fusion_Container_Set_of_3,Home Care,Hyderabad,Diwali,12-11-2023,18-11-2023,39840,31955,-19,-7885
da5d21,STBLR-9,CAMP_DIW_01,P10,65,50% OFF,92,125,Atliq_Cream_Beauty_Bathing_Soap (125GM),Personal Care,Bengaluru,Diwali,12-11-2023,18-11-2023,5980,8125,33,2145
8f2264,STBLR-7,CAMP_DIW_01,P12,62,50% OFF,124,184,Atliq_Lime_Cool_Bathing_Bar (125GM),Personal Care,Bengaluru,Diwali,12-11-2023,18-11-2023,7688,11408,60,3720
1e2a0e,STBLR-9,CAMP_DIW_01,P01,172,33% OFF,329,467,Atliq_Masoor_Dal (1KG),Grocery & Staples,Bengaluru,Diwali,12-11-2023,18-11-2023,56588,80324,138,23736
7a6449,STHYD-3,CAMP_DIW_01,P10,65,50% OFF,131,203,Atliq_Cream_Beauty_Bathing_Soap (125GM),Personal Care,Hyderabad,Diwali,12-11-2023,18-11-2023,8515,13195,72,4680
6.24E+11,STMLR-0,CAMP_SAN_01,P03,200,BOGOF,206,541,Atliq_Suflower_Oil (1L),Grocery & Staples,Mangalore,Sankranti,10-01-2024,16-01-2024,41200,108200,335,67000
5aa413,STCHE-1,CAMP_SAN_01,P08,1190,BOGOF,43,109,Atliq_Double_Bedsheet_set,Home Care,Chennai,Sankranti,10-01-2024,16-01-2024,51170,129710,66,78540
11a64e,STCHE-7,CAMP_SAN_01,P06,415,25% OFF,31,28,Atliq_Fusion_Container_Set_of_3,Home Care,Chennai,Sankranti,10-01-2024,16-01-2024,12865,11620,-3,-1245
67820e,STBLR-0,CAMP_SAN_01,P10,50,25% OFF,31,25,Atliq_Cream_Beauty_Bathing_Soap (125GM),Personal Care,Bengaluru,Sankranti,10-01-2024,16-01-2024,1550,1250,-6,-300
cd0d8e,STMDU-2,CAMP_DIW_01,P11,190,50% OFF,66,77,Atliq_Doodh_Kesar_Body_Lotion (200ML),Personal Care,Madurai,Diwali,12-11-2023,18-11-2023,12540,14630,11,2090
ee63b3,STHYD-4,CAMP_DIW_01,P02,860,33% OFF,362,521,Atliq_Sonamasuri_Rice (10KG),Grocery & Staples,Hyderabad,Diwali,12-11-2023,18-11-2023,311320,448060,159,136740
abffa2,STCHE-5,CAMP_DIW_01,P07,300,BOGOF,59,206,Atliq_Curtains,Home Care,Chennai,Diwali,12-11-2023,18-11-2023,17700,61800,147,44100
5487a6,STBLR-0,CAMP_DIW_01,P03,156,25% OFF,358,315,Atliq_Suflower_Oil (1L),Grocery & Staples,Bengaluru,Diwali,12-11-2023,18-11-2023,55848,49140,-43,-6708
0a4160,STCHE-7,CAMP_DIW_01,P03,156,25% OFF,330,323,Atliq_Suflower_Oil (1L),Grocery & Staples,Chennai,Diwali,12-11-2023,18-11-2023,51480,50388,-7,-1092
6422b4,STCBE-0,CAMP_DIW_01,P01,172,33% OFF,255,425,Atliq_Masoor_Dal (1KG),Grocery & Staples,Coimbatore,Diwali,12-11-2023,18-11-2023,43860,73100,170,29240
6c7601,STCBE-2,CAMP_SAN_01,P14,1020,BOGOF,78,334,Atliq_waterproof_Immersion_Rod,Home Appliances,Coimbatore,Sankranti,10-01-2024,16-01-2024,79560,340680,256,261120
d3575d,STMLR-2,CAMP_DIW_01,P02,860,33% OFF,210,268,Atliq_Sonamasuri_Rice (10KG),Grocery & Staples,Mangalore,Diwali,12-11-2023,18-11-2023,180600,230480,58,49880
75ad53,STVJD-1,CAMP_DIW_01,P05,55,25% OFF,59,48,Atliq_Scrub_Sponge_For_Dishwash,Home Care,Vijayawada,Diwali,12-11-2023,18-11-2023,3245,2640,-11,-605
a08c5e,STMYS-2,CAMP_DIW_01,P05,55,25% OFF,99,88,Atliq_Scrub_Sponge_For_Dishwash,Home Care,Mysuru,Diwali,12-11-2023,18-11-2023,5445,4840,-11,-605
d8a4ae,STBLR-0,CAMP_SAN_01,P05,55,25% OFF,28,22,Atliq_Scrub_Sponge_For_Dishwash,Home Care,Bengaluru,Sankranti,10-01-2024,16-01-2024,1540,1210,-6,-330
14f1e9,STBLR-4,CAMP_DIW_01,P08,1190,BOGOF,49,163,Atliq_Double_Bedsheet_set,Home Care,Bengaluru,Diwali,12-11-2023,18-11-2023,58310,193970,114,135660
11178a,STCBE-0,CAMP_DIW_01,P07,300,BOGOF,36,118,Atliq_Curtains,Home Care,Coimbatore,Diwali,12-11-2023,18-11-2023,10800,35400,82,24600
62775f,STCHE-2,CAMP_DIW_01,P07,300,BOGOF,59,196,Atliq_Curtains,Home Care,Chennai,Diwali,12-11-2023,18-11-2023,17700,58800,137,41100
5.88E+11,STHYD-3,CAMP_DIW_01,P12,62,50% OFF,112,178,Atliq_Lime_Cool_Bathing_Bar (125GM),Personal Care,Hyderabad,Diwali,12-11-2023,18-11-2023,6944,11036,66,4092
4fca07,STMLR-2,CAMP_SAN_01,P01,172,33% OFF,183,215,Atliq_Masoor_Dal (1KG),Grocery & Staples,Mangalore,Sankranti,10-01-2024,16-01-2024,31476,36980,32,5504
a216f7,STCBE-2,CAMP_DIW_01,P06,415,25% OFF,77,68,Atliq_Fusion_Container_Set_of_3,Home Care,Coimbatore,Diwali,12-11-2023,18-11-2023,31955,28220,-9,-3735
18a68a,STMLR-0,CAMP_DIW_01,P01,172,33% OFF,173,250,Atliq_Masoor_Dal (1KG),Grocery & Staples,Mangalore,Diwali,12-11-2023,18-11-2023,29756,43000,77,13244
1f5ed3,STVSK-1,CAMP_SAN_01,P08,1190,BOGOF,33,131,Atliq_Double_Bedsheet_set,Home Care,Visakhapatnam,Sankranti,10-01-2024,16-01-2024,39270,155890,98,116620
58e374,STBLR-0,CAMP_DIW_01,P07,300,BOGOF,64,250,Atliq_Curtains,Home Care,Bengaluru,Diwali,12-11-2023,18-11-2023,19200,75000,186,55800
f7aec5,STCHE-5,CAMP_SAN_01,P13,350,BOGOF,87,341,Atliq_High_Glo_15W_LED_Bulb,Home Appliances,Chennai,Sankranti,10-01-2024,16-01-2024,30450,119350,254,88900
f4192d,STMYS-1,CAMP_DIW_01,P11,190,50% OFF,84,121,Atliq_Doodh_Kesar_Body_Lotion (200ML),Personal Care,Mysuru,Diwali,12-11-2023,18-11-2023,15960,22990,37,7030
a71e7c,STCBE-2,CAMP_SAN_01,P12,62,50% OFF,33,51,Atliq_Lime_Cool_Bathing_Bar (125GM),Personal Care,Coimbatore,Sankranti,10-01-2024,16-01-2024,2046,3162,18,1116
f49149,STMYS-0,CAMP_SAN_01,P06,415,25% OFF,27,22,Atliq_Fusion_Container_Set_of_3,Home Care,Mysuru,Sankranti,10-01-2024,16-01-2024,11205,9130,-5,-2075
e7cb59,STCHE-3,CAMP_DIW_01,P11,190,50% OFF,96,120,Atliq_Doodh_Kesar_Body_Lotion (200ML),Personal Care,Chennai,Diwali,12-11-2023,18-11-2023,18240,22800,24,4560
8b1147,STVSK-0,CAMP_SAN_01,P15,3000,500 Cashback,73,170,Atliq_Home_Essential_8_Product_Combo,Combo1,Visakhapatnam,Sankranti,10-01-2024,16-01-2024,219000,510000,97,291000
8d349f,STCBE-4,CAMP_SAN_01,P10,50,25% OFF,22,18,Atliq_Cream_Beauty_Bathing_Soap (125GM),Personal Care,Coimbatore,Sankranti,10-01-2024,16-01-2024,1100,900,-4,-200
096adc,STBLR-8,CAMP_SAN_01,P02,860,33% OFF,441,626,Atliq_Sonamasuri_Rice (10KG),Grocery & Staples,Bengaluru,Sankranti,10-01-2024,16-01-2024,379260,538360,185,159100
5f0a89,STBLR-3,CAMP_SAN_01,P15,3000,500 Cashback,114,249,Atliq_Home_Essential_8_Product_Combo,Combo1,Bengaluru,Sankranti,10-01-2024,16-01-2024,342000,747000,135,405000
127984,STMLR-2,CAMP_DIW_01,P04,290,25% OFF,141,125,Atliq_Farm_Chakki_Atta (1KG),Grocery & Staples,Mangalore,Diwali,12-11-2023,18-11-2023,40890,36250,-16,-4640
e8a904,STCHE-7,CAMP_DIW_01,P05,55,25% OFF,112,107,Atliq_Scrub_Sponge_For_Dishwash,Home Care,Chennai,Diwali,12-11-2023,18-11-2023,6160,5885,-5,-275
f1b7e9,STCHE-3,CAMP_DIW_01,P14,1020,BOGOF,52,211,Atliq_waterproof_Immersion_Rod,Home Appliances,Chennai,Diwali,12-11-2023,18-11-2023,53040,215220,159,162180
62d659,STHYD-6,CAMP_DIW_01,P10,65,50% OFF,105,137,Atliq_Cream_Beauty_Bathing_Soap (125GM),Personal Care,Hyderabad,Diwali,12-11-2023,18-11-2023,6825,8905,32,2080
333b7d,STHYD-6,CAMP_DIW_01,P08,1190,BOGOF,49,166,Atliq_Double_Bedsheet_set,Home Care,Hyderabad,Diwali,12-11-2023,18-11-2023,58310,197540,117,139230
da9b71,STVSK-1,CAMP_DIW_01,P06,415,25% OFF,63,51,Atliq_Fusion_Container_Set_of_3,Home Care,Visakhapatnam,Diwali,12-11-2023,18-11-2023,26145,21165,-12,-4980
463205,STVSK-2,CAMP_DIW_01,P02,860,33% OFF,215,371,Atliq_Sonamasuri_Rice (10KG),Grocery & Staples,Visakhapatnam,Diwali,12-11-2023,18-11-2023,184900,319060,156,134160
2b0db4,STMLR-2,CAMP_DIW_01,P14,1020,BOGOF,21,73,Atliq_waterproof_Immersion_Rod,Home Appliances,Mangalore,Diwali,12-11-2023,18-11-2023,21420,74460,52,53040
003e8d,STCHE-3,CAMP_DIW_01,P02,860,33% OFF,371,519,Atliq_Sonamasuri_Rice (10KG),Grocery & Staples,Chennai,Diwali,12-11-2023,18-11-2023,319060,446340,148,127280
b0ab6c,STHYD-4,CAMP_SAN_01,P06,415,25% OFF,34,31,Atliq_Fusion_Container_Set_of_3,Home Care,Hyderabad,Sankranti,10-01-2024,16-01-2024,14110,12865,-3,-1245
2d7f62,STCHE-2,CAMP_SAN_01,P11,190,50% OFF,58,68,Atliq_Doodh_Kesar_Body_Lotion (200ML),Personal Care,Chennai,Sankranti,10-01-2024,16-01-2024,11020,12920,10,1900
58df9b,STCBE-2,CAMP_DIW_01,P02,860,33% OFF,183,327,Atliq_Sonamasuri_Rice (10KG),Grocery & Staples,Coimbatore,Diwali,12-11-2023,18-11-2023,157380,281220,144,123840
f22294,STMYS-1,CAMP_SAN_01,P01,172,33% OFF,345,520,Atliq_Masoor_Dal (1KG),Grocery & Staples,Mysuru,Sankranti,10-01-2024,16-01-2024,59340,89440,175,30100
6.88E+10,STVJD-0,CAMP_SAN_01,P08,1190,BOGOF,22,88,Atliq_Double_Bedsheet_set,Home Care,Vijayawada,Sankranti,10-01-2024,16-01-2024,26180,104720,66,78540
41b8f8,STBLR-0,CAMP_DIW_01,P08,1190,BOGOF,56,220,Atliq_Double_Bedsheet_set,Home Care,Bengaluru,Diwali,12-11-2023,18-11-2023,66640,261800,164,195160
7.34E+11,STCHE-0,CAMP_DIW_01,P06,415,25% OFF,105,92,Atliq_Fusion_Container_Set_of_3,Home Care,Chennai,Diwali,12-11-2023,18-11-2023,43575,38180,-13,-5395
cbe691,STBLR-0,CAMP_DIW_01,P10,65,50% OFF,103,134,Atliq_Cream_Beauty_Bathing_Soap (125GM),Personal Care,Bengaluru,Diwali,12-11-2023,18-11-2023,6695,8710,31,2015
0f2c3a,STCBE-0,CAMP_SAN_01,P07,300,BOGOF,30,117,Atliq_Curtains,Home Care,Coimbatore,Sankranti,10-01-2024,16-01-2024,9000,35100,87,26100
5ae6d6,STBLR-1,CAMP_SAN_01,P09,90,25% OFF,82,74,Atliq_Body_Milk_Nourishing_Lotion (120ML),Personal Care,Bengaluru,Sankranti,10-01-2024,16-01-2024,7380,6660,-8,-720
a9ee19,STBLR-1,CAMP_SAN_01,P08,1190,BOGOF,58,158,Atliq_Double_Bedsheet_set,Home Care,Bengaluru,Sankranti,10-01-2024,16-01-2024,69020,188020,100,119000
4ab9ba,STTRV-1,CAMP_SAN_01,P01,172,33% OFF,165,232,Atliq_Masoor_Dal (1KG),Grocery & Staples,Trivandrum,Sankranti,10-01-2024,16-01-2024,28380,39904,67,11524
3164ea,STMDU-2,CAMP_SAN_01,P01,172,33% OFF,265,328,Atliq_Masoor_Dal (1KG),Grocery & Staples,Madurai,Sankranti,10-01-2024,16-01-2024,45580,56416,63,10836
7bdc1e,STVSK-4,CAMP_DIW_01,P07,300,BOGOF,50,149,Atliq_Curtains,Home Care,Visakhapatnam,Diwali,12-11-2023,18-11-2023,15000,44700,99,29700
565a38,STTRV-0,CAMP_SAN_01,P07,300,BOGOF,30,117,Atliq_Curtains,Home Care,Trivandrum,Sankranti,10-01-2024,16-01-2024,9000,35100,87,26100
ab3517,STTRV-1,CAMP_SAN_01,P04,370,BOGOF,190,733,Atliq_Farm_Chakki_Atta (1KG),Grocery & Staples,Trivandrum,Sankranti,10-01-2024,16-01-2024,70300,271210,543,200910
1b295f,STCHE-5,CAMP_DIW_01,P12,62,50% OFF,110,130,Atliq_Lime_Cool_Bathing_Bar (125GM),Personal Care,Chennai,Diwali,12-11-2023,18-11-2023,6820,8060,20,1240
a55960,STBLR-1,CAMP_DIW_01,P08,1190,BOGOF,50,149,Atliq_Double_Bedsheet_set,Home Care,Bengaluru,Diwali,12-11-2023,18-11-2023,59500,177310,99,117810
5a0c33,STCBE-2,CAMP_DIW_01,P10,65,50% OFF,87,127,Atliq_Cream_Beauty_Bathing_Soap (125GM),Personal Care,Coimbatore,Diwali,12-11-2023,18-11-2023,5655,8255,40,2600
74d23a,STCHE-0,CAMP_DIW_01,P07,300,BOGOF,75,252,Atliq_Curtains,Home Care,Chennai,Diwali,12-11-2023,18-11-2023,22500,75600,177,53100
d105db,STCBE-4,CAMP_SAN_01,P07,300,BOGOF,43,111,Atliq_Curtains,Home Care,Coimbatore,Sankranti,10-01-2024,16-01-2024,12900,33300,68,20400
1620ea,STMYS-3,CAMP_DIW_01,P06,415,25% OFF,101,89,Atliq_Fusion_Container_Set_of_3,Home Care,Mysuru,Diwali,12-11-2023,18-11-2023,41915,36935,-12,-4980
2177f8,STMDU-0,CAMP_DIW_01,P04,290,25% OFF,234,208,Atliq_Farm_Chakki_Atta (1KG),Grocery & Staples,Madurai,Diwali,12-11-2023,18-11-2023,67860,60320,-26,-7540
609bfd,STBLR-1,CAMP_DIW_01,P12,62,50% OFF,129,170,Atliq_Lime_Cool_Bathing_Bar (125GM),Personal Care,Bengaluru,Diwali,12-11-2023,18-11-2023,7998,10540,41,2542
0013db,STBLR-1,CAMP_SAN_01,P02,860,33% OFF,435,622,Atliq_Sonamasuri_Rice (10KG),Grocery & Staples,Bengaluru,Sankranti,10-01-2024,16-01-2024,374100,534920,187,160820
6f3e24,STHYD-6,CAMP_DIW_01,P15,3000,500 Cashback,388,1129,Atliq_Home_Essential_8_Product_Combo,Combo1,Hyderabad,Diwali,12-11-2023,18-11-2023,1164000,3387000,741,2223000
79a95a,STHYD-3,CAMP_SAN_01,P15,3000,500 Cashback,121,200,Atliq_Home_Essential_8_Product_Combo,Combo1,Hyderabad,Sankranti,10-01-2024,16-01-2024,363000,600000,79,237000
8cd1ec,STCHE-1,CAMP_SAN_01,P13,350,BOGOF,124,324,Atliq_High_Glo_15W_LED_Bulb,Home Appliances,Chennai,Sankranti,10-01-2024,16-01-2024,43400,113400,200,70000
e57227,STCHE-6,CAMP_SAN_01,P05,55,25% OFF,25,18,Atliq_Scrub_Sponge_For_Dishwash,Home Care,Chennai,Sankranti,10-01-2024,16-01-2024,1375,990,-7,-385
79577d,STBLR-9,CAMP_DIW_01,P03,156,25% OFF,348,337,Atliq_Suflower_Oil (1L),Grocery & Staples,Bengaluru,Diwali,12-11-2023,18-11-2023,54288,52572,-11,-1716
dbaf92,STBLR-6,CAMP_SAN_01,P01,172,33% OFF,301,454,Atliq_Masoor_Dal (1KG),Grocery & Staples,Bengaluru,Sankranti,10-01-2024,16-01-2024,51772,78088,153,26316
27bc6e,STCBE-2,CAMP_DIW_01,P14,1020,BOGOF,42,160,Atliq_waterproof_Immersion_Rod,Home Appliances,Coimbatore,Diwali,12-11-2023,18-11-2023,42840,163200,118,120360
53bb94,STHYD-2,CAMP_DIW_01,P02,860,33% OFF,402,611,Atliq_Sonamasuri_Rice (10KG),Grocery & Staples,Hyderabad,Diwali,12-11-2023,18-11-2023,345720,525460,209,179740
2fe1bb,STCHE-1,CAMP_SAN_01,P04,370,BOGOF,460,1168,Atliq_Farm_Chakki_Atta (1KG),Grocery & Staples,Chennai,Sankranti,10-01-2024,16-01-2024,170200,432160,708,261960
e553f2,STTRV-0,CAMP_DIW_01,P13,350,BOGOF,38,129,Atliq_High_Glo_15W_LED_Bulb,Home Appliances,Trivandrum,Diwali,12-11-2023,18-11-2023,13300,45150,91,31850
fc376a,STHYD-0,CAMP_SAN_01,P14,1020,BOGOF,106,422,Atliq_waterproof_Immersion_Rod,Home Appliances,Hyderabad,Sankranti,10-01-2024,16-01-2024,108120,430440,316,322320
fdd666,STMLR-0,CAMP_DIW_01,P06,415,25% OFF,38,33,Atliq_Fusion_Container_Set_of_3,Home Care,Mangalore,Diwali,12-11-2023,18-11-2023,15770,13695,-5,-2075
bbf357,STVSK-4,CAMP_SAN_01,P11,190,50% OFF,40,57,Atliq_Doodh_Kesar_Body_Lotion (200ML),Personal Care,Visakhapatnam,Sankranti,10-01-2024,16-01-2024,7600,10830,17,3230
d180ef,STBLR-7,CAMP_SAN_01,P01,172,33% OFF,341,531,Atliq_Masoor_Dal (1KG),Grocery & Staples,Bengaluru,Sankranti,10-01-2024,16-01-2024,58652,91332,190,32680
4888d5,STBLR-3,CAMP_DIW_01,P07,300,BOGOF,70,231,Atliq_Curtains,Home Care,Bengaluru,Diwali,12-11-2023,18-11-2023,21000,69300,161,48300
dead78,STVJD-0,CAMP_DIW_01,P12,62,50% OFF,68,90,Atliq_Lime_Cool_Bathing_Bar (125GM),Personal Care,Vijayawada,Diwali,12-11-2023,18-11-2023,4216,5580,22,1364
c198da,STMDU-2,CAMP_SAN_01,P06,415,25% OFF,19,15,Atliq_Fusion_Container_Set_of_3,Home Care,Madurai,Sankranti,10-01-2024,16-01-2024,7885,6225,-4,-1660
3cb389,STCHE-6,CAMP_DIW_01,P01,172,33% OFF,309,460,Atliq_Masoor_Dal (1KG),Grocery & Staples,Chennai,Diwali,12-11-2023,18-11-2023,53148,79120,151,25972
667c78,STVSK-4,CAMP_SAN_01,P01,172,33% OFF,223,301,Atliq_Masoor_Dal (1KG),Grocery & Staples,Visakhapatnam,Sankranti,10-01-2024,16-01-2024,38356,51772,78,13416
02b894,STBLR-2,CAMP_SAN_01,P02,860,33% OFF,477,658,Atliq_Sonamasuri_Rice (10KG),Grocery & Staples,Bengaluru,Sankranti,10-01-2024,16-01-2024,410220,565880,181,155660
1bff17,STCHE-6,CAMP_DIW_01,P05,55,25% OFF,112,85,Atliq_Scrub_Sponge_For_Dishwash,Home Care,Chennai,Diwali,12-11-2023,18-11-2023,6160,4675,-27,-1485
d6ff76,STMDU-2,CAMP_DIW_01,P14,1020,BOGOF,28,96,Atliq_waterproof_Immersion_Rod,Home Appliances,Madurai,Diwali,12-11-2023,18-11-2023,28560,97920,68,69360
d1e51d,STCBE-4,CAMP_DIW_01,P07,300,BOGOF,42,130,Atliq_Curtains,Home Care,Coimbatore,Diwali,12-11-2023,18-11-2023,12600,39000,88,26400
8f2a5a,STVSK-2,CAMP_SAN_01,P11,190,50% OFF,25,37,Atliq_Doodh_Kesar_Body_Lotion (200ML),Personal Care,Visakhapatnam,Sankranti,10-01-2024,16-01-2024,4750,7030,12,2280
87be33,STBLR-6,CAMP_SAN_01,P13,350,BOGOF,120,516,Atliq_High_Glo_15W_LED_Bulb,Home Appliances,Bengaluru,Sankranti,10-01-2024,16-01-2024,42000,180600,396,138600
a1e541,STHYD-1,CAMP_DIW_01,P01,172,33% OFF,311,385,Atliq_Masoor_Dal (1KG),Grocery & Staples,Hyderabad,Diwali,12-11-2023,18-11-2023,53492,66220,74,12728
6a1a5a,STVSK-0,CAMP_DIW_01,P15,3000,500 Cashback,250,755,Atliq_Home_Essential_8_Product_Combo,Combo1,Visakhapatnam,Diwali,12-11-2023,18-11-2023,750000,2265000,505,1515000
361cfb,STMLR-0,CAMP_DIW_01,P14,1020,BOGOF,22,69,Atliq_waterproof_Immersion_Rod,Home Appliances,Mangalore,Diwali,12-11-2023,18-11-2023,22440,70380,47,47940
951bda,STBLR-9,CAMP_DIW_01,P07,300,BOGOF,63,213,Atliq_Curtains,Home Care,Bengaluru,Diwali,12-11-2023,18-11-2023,18900,63900,150,45000
a692dc,STCHE-1,CAMP_SAN_01,P01,172,33% OFF,270,340,Atliq_Masoor_Dal (1KG),Grocery & Staples,Chennai,Sankranti,10-01-2024,16-01-2024,46440,58480,70,12040
94953c,STMLR-2,CAMP_SAN_01,P06,415,25% OFF,15,12,Atliq_Fusion_Container_Set_of_3,Home Care,Mangalore,Sankranti,10-01-2024,16-01-2024,6225,4980,-3,-1245
af100a,STMLR-2,CAMP_SAN_01,P03,200,BOGOF,190,752,Atliq_Suflower_Oil (1L),Grocery & Staples,Mangalore,Sankranti,10-01-2024,16-01-2024,38000,150400,562,112400
223d36,STMYS-0,CAMP_DIW_01,P10,65,50% OFF,129,167,Atliq_Cream_Beauty_Bathing_Soap (125GM),Personal Care,Mysuru,Diwali,12-11-2023,18-11-2023,8385,10855,38,2470
ff43bf,STHYD-2,CAMP_DIW_01,P11,190,50% OFF,91,116,Atliq_Doodh_Kesar_Body_Lotion (200ML),Personal Care,Hyderabad,Diwali,12-11-2023,18-11-2023,17290,22040,25,4750
44838e,STVJD-1,CAMP_DIW_01,P06,415,25% OFF,49,40,Atliq_Fusion_Container_Set_of_3,Home Care,Vijayawada,Diwali,12-11-2023,18-11-2023,20335,16600,-9,-3735
1fa488,STVJD-0,CAMP_DIW_01,P07,300,BOGOF,31,105,Atliq_Curtains,Home Care,Vijayawada,Diwali,12-11-2023,18-11-2023,9300,31500,74,22200
73211e,STCBE-1,CAMP_DIW_01,P01,172,33% OFF,182,223,Atliq_Masoor_Dal (1KG),Grocery & Staples,Coimbatore,Diwali,12-11-2023,18-11-2023,31304,38356,41,7052
93a29e,STCHE-4,CAMP_SAN_01,P05,55,25% OFF,28,22,Atliq_Scrub_Sponge_For_Dishwash,Home Care,Chennai,Sankranti,10-01-2024,16-01-2024,1540,1210,-6,-330
ec5570,STVJD-1,CAMP_DIW_01,P10,65,50% OFF,71,95,Atliq_Cream_Beauty_Bathing_Soap (125GM),Personal Care,Vijayawada,Diwali,12-11-2023,18-11-2023,4615,6175,24,1560
6ee2af,STHYD-3,CAMP_SAN_01,P02,860,33% OFF,595,892,Atliq_Sonamasuri_Rice (10KG),Grocery & Staples,Hyderabad,Sankranti,10-01-2024,16-01-2024,511700,767120,297,255420
f3a7b2,STHYD-6,CAMP_SAN_01,P01,172,33% OFF,306,416,Atliq_Masoor_Dal (1KG),Grocery & Staples,Hyderabad,Sankranti,10-01-2024,16-01-2024,52632,71552,110,18920
2186aa,STCBE-3,CAMP_SAN_01,P05,55,25% OFF,19,15,Atliq_Scrub_Sponge_For_Dishwash,Home Care,Coimbatore,Sankranti,10-01-2024,16-01-2024,1045,825,-4,-220
e7bdad,STMLR-1,CAMP_DIW_01,P14,1020,BOGOF,24,80,Atliq_waterproof_Immersion_Rod,Home Appliances,Mangalore,Diwali,12-11-2023,18-11-2023,24480,81600,56,57120
f90ae9,STCBE-0,CAMP_SAN_01,P13,350,BOGOF,82,323,Atliq_High_Glo_15W_LED_Bulb,Home Appliances,Coimbatore,Sankranti,10-01-2024,16-01-2024,28700,113050,241,84350
348fe6,STBLR-8,CAMP_DIW_01,P01,172,33% OFF,332,471,Atliq_Masoor_Dal (1KG),Grocery & Staples,Bengaluru,Diwali,12-11-2023,18-11-2023,57104,81012,139,23908
17d5c1,STCBE-0,CAMP_DIW_01,P13,350,BOGOF,52,173,Atliq_High_Glo_15W_LED_Bulb,Home Appliances,Coimbatore,Diwali,12-11-2023,18-11-2023,18200,60550,121,42350
8f5618,STBLR-1,CAMP_DIW_01,P04,290,25% OFF,302,289,Atliq_Farm_Chakki_Atta (1KG),Grocery & Staples,Bengaluru,Diwali,12-11-2023,18-11-2023,87580,83810,-13,-3770
6bfa15,STCBE-2,CAMP_SAN_01,P06,415,25% OFF,16,13,Atliq_Fusion_Container_Set_of_3,Home Care,Coimbatore,Sankranti,10-01-2024,16-01-2024,6640,5395,-3,-1245
aac58d,STBLR-6,CAMP_DIW_01,P08,1190,BOGOF,52,204,Atliq_Double_Bedsheet_set,Home Care,Bengaluru,Diwali,12-11-2023,18-11-2023,61880,242760,152,180880
ed0d01,STBLR-2,CAMP_DIW_01,P12,62,50% OFF,108,145,Atliq_Lime_Cool_Bathing_Bar (125GM),Personal Care,Bengaluru,Diwali,12-11-2023,18-11-2023,6696,8990,37,2294
0eb41f,STVSK-2,CAMP_SAN_01,P01,172,33% OFF,232,364,Atliq_Masoor_Dal (1KG),Grocery & Staples,Visakhapatnam,Sankranti,10-01-2024,16-01-2024,39904,62608,132,22704
9b8658,STHYD-5,CAMP_DIW_01,P11,190,50% OFF,73,97,Atliq_Doodh_Kesar_Body_Lotion (200ML),Personal Care,Hyderabad,Diwali,12-11-2023,18-11-2023,13870,18430,24,4560
3bc352,STHYD-3,CAMP_DIW_01,P07,300,BOGOF,54,170,Atliq_Curtains,Home Care,Hyderabad,Diwali,12-11-2023,18-11-2023,16200,51000,116,34800
40f110,STBLR-9,CAMP_DIW_01,P12,62,50% OFF,122,163,Atliq_Lime_Cool_Bathing_Bar (125GM),Personal Care,Bengaluru,Diwali,12-11-2023,18-11-2023,7564,10106,41,2542
55fed8,STCBE-3,CAMP_DIW_01,P09,110,50% OFF,40,60,Atliq_Body_Milk_Nourishing_Lotion (120ML),Personal Care,Coimbatore,Diwali,12-11-2023,18-11-2023,4400,6600,20,2200
c1cdb5,STCHE-0,CAMP_SAN_01,P15,3000,500 Cashback,135,286,Atliq_Home_Essential_8_Product_Combo,Combo1,Chennai,Sankranti,10-01-2024,16-01-2024,405000,858000,151,453000
c134bb,STBLR-8,CAMP_SAN_01,P07,300,BOGOF,51,205,Atliq_Curtains,Home Care,Bengaluru,Sankranti,10-01-2024,16-01-2024,15300,61500,154,46200
2361c6,STBLR-0,CAMP_DIW_01,P06,415,25% OFF,94,83,Atliq_Fusion_Container_Set_of_3,Home Care,Bengaluru,Diwali,12-11-2023,18-11-2023,39010,34445,-11,-4565
b44f0e,STHYD-2,CAMP_SAN_01,P15,3000,500 Cashback,136,288,Atliq_Home_Essential_8_Product_Combo,Combo1,Hyderabad,Sankranti,10-01-2024,16-01-2024,408000,864000,152,456000
607c9d,STCHE-2,CAMP_SAN_01,P02,860,33% OFF,556,711,Atliq_Sonamasuri_Rice (10KG),Grocery & Staples,Chennai,Sankranti,10-01-2024,16-01-2024,478160,611460,155,133300
5ea63d,STCBE-3,CAMP_DIW_01,P12,62,50% OFF,82,126,Atliq_Lime_Cool_Bathing_Bar (125GM),Personal Care,Coimbatore,Diwali,12-11-2023,18-11-2023,5084,7812,44,2728
323aee,STVSK-0,CAMP_DIW_01,P07,300,BOGOF,36,119,Atliq_Curtains,Home Care,Visakhapatnam,Diwali,12-11-2023,18-11-2023,10800,35700,83,24900
114087,STHYD-3,CAMP_SAN_01,P06,415,25% OFF,28,20,Atliq_Fusion_Container_Set_of_3,Home Care,Hyderabad,Sankranti,10-01-2024,16-01-2024,11620,8300,-8,-3320
99482c,STBLR-8,CAMP_SAN_01,P08,1190,BOGOF,42,161,Atliq_Double_Bedsheet_set,Home Care,Bengaluru,Sankranti,10-01-2024,16-01-2024,49980,191590,119,141610
5ab1d5,STCHE-6,CAMP_DIW_01,P06,415,25% OFF,98,76,Atliq_Fusion_Container_Set_of_3,Home Care,Chennai,Diwali,12-11-2023,18-11-2023,40670,31540,-22,-9130
97ad03,STCBE-1,CAMP_SAN_01,P02,860,33% OFF,379,462,Atliq_Sonamasuri_Rice (10KG),Grocery & Staples,Coimbatore,Sankranti,10-01-2024,16-01-2024,325940,397320,83,71380
b666fa,STTRV-1,CAMP_DIW_01,P05,55,25% OFF,57,55,Atliq_Scrub_Sponge_For_Dishwash,Home Care,Trivandrum,Diwali,12-11-2023,18-11-2023,3135,3025,-2,-110
da3c49,STMLR-2,CAMP_SAN_01,P02,860,33% OFF,270,313,Atliq_Sonamasuri_Rice (10KG),Grocery & Staples,Mangalore,Sankranti,10-01-2024,16-01-2024,232200,269180,43,36980
3459ec,STCHE-3,CAMP_SAN_01,P02,860,33% OFF,468,636,Atliq_Sonamasuri_Rice (10KG),Grocery & Staples,Chennai,Sankranti,10-01-2024,16-01-2024,402480,546960,168,144480
7f81c2,STCHE-2,CAMP_DIW_01,P05,55,25% OFF,91,88,Atliq_Scrub_Sponge_For_Dishwash,Home Care,Chennai,Diwali,12-11-2023,18-11-2023,5005,4840,-3,-165
b17786,STMLR-0,CAMP_SAN_01,P13,350,BOGOF,63,163,Atliq_High_Glo_15W_LED_Bulb,Home Appliances,Mangalore,Sankranti,10-01-2024,16-01-2024,22050,57050,100,35000
2cbc21,STHYD-1,CAMP_SAN_01,P09,90,25% OFF,58,47,Atliq_Body_Milk_Nourishing_Lotion (120ML),Personal Care,Hyderabad,Sankranti,10-01-2024,16-01-2024,5220,4230,-11,-990
eacf93,STTRV-1,CAMP_SAN_01,P11,190,50% OFF,24,34,Atliq_Doodh_Kesar_Body_Lotion (200ML),Personal Care,Trivandrum,Sankranti,10-01-2024,16-01-2024,4560,6460,10,1900
0f184e,STVSK-0,CAMP_DIW_01,P05,55,25% OFF,89,80,Atliq_Scrub_Sponge_For_Dishwash,Home Care,Visakhapatnam,Diwali,12-11-2023,18-11-2023,4895,4400,-9,-495
52ec61,STBLR-8,CAMP_DIW_01,P10,65,50% OFF,133,172,Atliq_Cream_Beauty_Bathing_Soap (125GM),Personal Care,Bengaluru,Diwali,12-11-2023,18-11-2023,8645,11180,39,2535
541bef,STHYD-4,CAMP_SAN_01,P01,172,33% OFF,234,322,Atliq_Masoor_Dal (1KG),Grocery & Staples,Hyderabad,Sankranti,10-01-2024,16-01-2024,40248,55384,88,15136
86a92b,STMLR-2,CAMP_DIW_01,P11,190,50% OFF,42,45,Atliq_Doodh_Kesar_Body_Lotion (200ML),Personal Care,Mangalore,Diwali,12-11-2023,18-11-2023,7980,8550,3,570
861116,STBLR-7,CAMP_DIW_01,P06,415,25% OFF,96,84,Atliq_Fusion_Container_Set_of_3,Home Care,Bengaluru,Diwali,12-11-2023,18-11-2023,39840,34860,-12,-4980
c6d7c5,STMYS-3,CAMP_DIW_01,P12,62,50% OFF,124,145,Atliq_Lime_Cool_Bathing_Bar (125GM),Personal Care,Mysuru,Diwali,12-11-2023,18-11-2023,7688,8990,21,1302
b58c2d,STMYS-0,CAMP_SAN_01,P02,860,33% OFF,499,703,Atliq_Sonamasuri_Rice (10KG),Grocery & Staples,Mysuru,Sankranti,10-01-2024,16-01-2024,429140,604580,204,175440
d59c23,STCBE-3,CAMP_DIW_01,P03,156,25% OFF,252,224,Atliq_Suflower_Oil (1L),Grocery & Staples,Coimbatore,Diwali,12-11-2023,18-11-2023,39312,34944,-28,-4368
68a7bc,STBLR-5,CAMP_DIW_01,P04,290,25% OFF,322,276,Atliq_Farm_Chakki_Atta (1KG),Grocery & Staples,Bengaluru,Diwali,12-11-2023,18-11-2023,93380,80040,-46,-13340
f98db5,STBLR-2,CAMP_SAN_01,P15,3000,500 Cashback,129,279,Atliq_Home_Essential_8_Product_Combo,Combo1,Bengaluru,Sankranti,10-01-2024,16-01-2024,387000,837000,150,450000
ffaba4,STBLR-8,CAMP_SAN_01,P09,90,25% OFF,46,33,Atliq_Body_Milk_Nourishing_Lotion (120ML),Personal Care,Bengaluru,Sankranti,10-01-2024,16-01-2024,4140,2970,-13,-1170
f725c0,STCBE-3,CAMP_SAN_01,P03,200,BOGOF,228,898,Atliq_Suflower_Oil (1L),Grocery & Staples,Coimbatore,Sankranti,10-01-2024,16-01-2024,45600,179600,670,134000
f8e037,STHYD-2,CAMP_DIW_01,P08,1190,BOGOF,52,175,Atliq_Double_Bedsheet_set,Home Care,Hyderabad,Diwali,12-11-2023,18-11-2023,61880,208250,123,146370
b526b4,STCHE-7,CAMP_SAN_01,P02,860,33% OFF,525,756,Atliq_Sonamasuri_Rice (10KG),Grocery & Staples,Chennai,Sankranti,10-01-2024,16-01-2024,451500,650160,231,198660
0491f4,STVSK-2,CAMP_DIW_01,P11,190,50% OFF,38,58,Atliq_Doodh_Kesar_Body_Lotion (200ML),Personal Care,Visakhapatnam,Diwali,12-11-2023,18-11-2023,7220,11020,20,3800
879d99,STHYD-5,CAMP_DIW_01,P09,110,50% OFF,92,124,Atliq_Body_Milk_Nourishing_Lotion (120ML),Personal Care,Hyderabad,Diwali,12-11-2023,18-11-2023,10120,13640,32,3520
ec3591,STCHE-1,CAMP_SAN_01,P09,90,25% OFF,79,63,Atliq_Body_Milk_Nourishing_Lotion (120ML),Personal Care,Chennai,Sankranti,10-01-2024,16-01-2024,7110,5670,-16,-1440
2db607,STCBE-1,CAMP_DIW_01,P14,1020,BOGOF,40,136,Atliq_waterproof_Immersion_Rod,Home Appliances,Coimbatore,Diwali,12-11-2023,18-11-2023,40800,138720,96,97920
b78191,STBLR-3,CAMP_SAN_01,P14,1020,BOGOF,91,361,Atliq_waterproof_Immersion_Rod,Home Appliances,Bengaluru,Sankranti,10-01-2024,16-01-2024,92820,368220,270,275400
7b1d41,STMYS-2,CAMP_DIW_01,P14,1020,BOGOF,43,125,Atliq_waterproof_Immersion_Rod,Home Appliances,Mysuru,Diwali,12-11-2023,18-11-2023,43860,127500,82,83640
a6e691,STCHE-0,CAMP_SAN_01,P03,200,BOGOF,294,1134,Atliq_Suflower_Oil (1L),Grocery & Staples,Chennai,Sankranti,10-01-2024,16-01-2024,58800,226800,840,168000
f21ef6,STMLR-1,CAMP_SAN_01,P06,415,25% OFF,18,14,Atliq_Fusion_Container_Set_of_3,Home Care,Mangalore,Sankranti,10-01-2024,16-01-2024,7470,5810,-4,-1660
b999c5,STMYS-2,CAMP_SAN_01,P03,200,BOGOF,406,1015,Atliq_Suflower_Oil (1L),Grocery & Staples,Mysuru,Sankranti,10-01-2024,16-01-2024,81200,203000,609,121800
f6aa36,STVSK-3,CAMP_DIW_01,P06,415,25% OFF,63,54,Atliq_Fusion_Container_Set_of_3,Home Care,Visakhapatnam,Diwali,12-11-2023,18-11-2023,26145,22410,-9,-3735
d78c78,STCHE-0,CAMP_DIW_01,P14,1020,BOGOF,52,182,Atliq_waterproof_Immersion_Rod,Home Appliances,Chennai,Diwali,12-11-2023,18-11-2023,53040,185640,130,132600
12573c,STHYD-3,CAMP_SAN_01,P12,62,50% OFF,64,100,Atliq_Lime_Cool_Bathing_Bar (125GM),Personal Care,Hyderabad,Sankranti,10-01-2024,16-01-2024,3968,6200,36,2232
38ebfb,STCBE-1,CAMP_SAN_01,P10,50,25% OFF,27,20,Atliq_Cream_Beauty_Bathing_Soap (125GM),Personal Care,Coimbatore,Sankranti,10-01-2024,16-01-2024,1350,1000,-7,-350
5d23c1,STVSK-4,CAMP_SAN_01,P12,62,50% OFF,40,58,Atliq_Lime_Cool_Bathing_Bar (125GM),Personal Care,Visakhapatnam,Sankranti,10-01-2024,16-01-2024,2480,3596,18,1116
449732,STBLR-9,CAMP_DIW_01,P05,55,25% OFF,101,97,Atliq_Scrub_Sponge_For_Dishwash,Home Care,Bengaluru,Diwali,12-11-2023,18-11-2023,5555,5335,-4,-220
b83644,STBLR-6,CAMP_DIW_01,P11,190,50% OFF,75,117,Atliq_Doodh_Kesar_Body_Lotion (200ML),Personal Care,Bengaluru,Diwali,12-11-2023,18-11-2023,14250,22230,42,7980
17537,STMDU-2,CAMP_SAN_01,P08,1190,BOGOF,33,129,Atliq_Double_Bedsheet_set,Home Care,Madurai,Sankranti,10-01-2024,16-01-2024,39270,153510,96,114240
ab8eb3,STHYD-6,CAMP_DIW_01,P06,415,25% OFF,85,74,Atliq_Fusion_Container_Set_of_3,Home Care,Hyderabad,Diwali,12-11-2023,18-11-2023,35275,30710,-11,-4565
99ce6a,STVSK-3,CAMP_SAN_01,P03,200,BOGOF,250,687,Atliq_Suflower_Oil (1L),Grocery & Staples,Visakhapatnam,Sankranti,10-01-2024,16-01-2024,50000,137400,437,87400
42b041,STBLR-1,CAMP_DIW_01,P01,172,33% OFF,357,514,Atliq_Masoor_Dal (1KG),Grocery & Staples,Bengaluru,Diwali,12-11-2023,18-11-2023,61404,88408,157,27004
fd5955,STCBE-0,CAMP_DIW_01,P02,860,33% OFF,313,541,Atliq_Sonamasuri_Rice (10KG),Grocery & Staples,Coimbatore,Diwali,12-11-2023,18-11-2023,269180,465260,228,196080
9.33E+11,STBLR-3,CAMP_SAN_01,P08,1190,BOGOF,40,154,Atliq_Double_Bedsheet_set,Home Care,Bengaluru,Sankranti,10-01-2024,16-01-2024,47600,183260,114,135660
268b09,STMLR-1,CAMP_SAN_01,P13,350,BOGOF,49,189,Atliq_High_Glo_15W_LED_Bulb,Home Appliances,Mangalore,Sankranti,10-01-2024,16-01-2024,17150,66150,140,49000
dcaeaa,STBLR-7,CAMP_DIW_01,P04,290,25% OFF,276,242,Atliq_Farm_Chakki_Atta (1KG),Grocery & Staples,Bengaluru,Diwali,12-11-2023,18-11-2023,80040,70180,-34,-9860
d31787,STMYS-2,CAMP_SAN_01,P10,50,25% OFF,25,20,Atliq_Cream_Beauty_Bathing_Soap (125GM),Personal Care,Mysuru,Sankranti,10-01-2024,16-01-2024,1250,1000,-5,-250
f34069,STBLR-9,CAMP_SAN_01,P09,90,25% OFF,61,57,Atliq_Body_Milk_Nourishing_Lotion (120ML),Personal Care,Bengaluru,Sankranti,10-01-2024,16-01-2024,5490,5130,-4,-360
4f40ed,STCHE-5,CAMP_SAN_01,P02,860,33% OFF,564,721,Atliq_Sonamasuri_Rice (10KG),Grocery & Staples,Chennai,Sankranti,10-01-2024,16-01-2024,485040,620060,157,135020
12bb06,STHYD-1,CAMP_DIW_01,P03,156,25% OFF,351,319,Atliq_Suflower_Oil (1L),Grocery & Staples,Hyderabad,Diwali,12-11-2023,18-11-2023,54756,49764,-32,-4992
5f2c41,STCHE-6,CAMP_DIW_01,P08,1190,BOGOF,54,185,Atliq_Double_Bedsheet_set,Home Care,Chennai,Diwali,12-11-2023,18-11-2023,64260,220150,131,155890
e0de60,STHYD-6,CAMP_DIW_01,P03,156,25% OFF,327,294,Atliq_Suflower_Oil (1L),Grocery & Staples,Hyderabad,Diwali,12-11-2023,18-11-2023,51012,45864,-33,-5148
152ae4,STHYD-1,CAMP_SAN_01,P12,62,50% OFF,51,57,Atliq_Lime_Cool_Bathing_Bar (125GM),Personal Care,Hyderabad,Sankranti,10-01-2024,16-01-2024,3162,3534,6,372
8e6ee5,STMLR-0,CAMP_DIW_01,P05,55,25% OFF,52,45,Atliq_Scrub_Sponge_For_Dishwash,Home Care,Mangalore,Diwali,12-11-2023,18-11-2023,2860,2475,-7,-385
d0fd0e,STBLR-0,CAMP_SAN_01,P11,190,50% OFF,43,62,Atliq_Doodh_Kesar_Body_Lotion (200ML),Personal Care,Bengaluru,Sankranti,10-01-2024,16-01-2024,8170,11780,19,3610
4fa17c,STCHE-4,CAMP_DIW_01,P01,172,33% OFF,327,503,Atliq_Masoor_Dal (1KG),Grocery & Staples,Chennai,Diwali,12-11-2023,18-11-2023,56244,86516,176,30272
bcf305,STCHE-5,CAMP_DIW_01,P09,110,50% OFF,75,80,Atliq_Body_Milk_Nourishing_Lotion (120ML),Personal Care,Chennai,Diwali,12-11-2023,18-11-2023,8250,8800,5,550
66050c,STCHE-6,CAMP_SAN_01,P08,1190,BOGOF,60,238,Atliq_Double_Bedsheet_set,Home Care,Chennai,Sankranti,10-01-2024,16-01-2024,71400,283220,178,211820
407f1c,STBLR-2,CAMP_SAN_01,P13,350,BOGOF,117,469,Atliq_High_Glo_15W_LED_Bulb,Home Appliances,Bengaluru,Sankranti,10-01-2024,16-01-2024,40950,164150,352,123200
e12c11,STCHE-1,CAMP_SAN_01,P14,1020,BOGOF,112,294,Atliq_waterproof_Immersion_Rod,Home Appliances,Chennai,Sankranti,10-01-2024,16-01-2024,114240,299880,182,185640
46d57b,STBLR-9,CAMP_DIW_01,P13,350,BOGOF,94,329,Atliq_High_Glo_15W_LED_Bulb,Home Appliances,Bengaluru,Diwali,12-11-2023,18-11-2023,32900,115150,235,82250
e80ad8,STCHE-7,CAMP_DIW_01,P10,65,50% OFF,136,179,Atliq_Cream_Beauty_Bathing_Soap (125GM),Personal Care,Chennai,Diwali,12-11-2023,18-11-2023,8840,11635,43,2795
f2bdcc,STBLR-4,CAMP_DIW_01,P01,172,33% OFF,337,478,Atliq_Masoor_Dal (1KG),Grocery & Staples,Bengaluru,Diwali,12-11-2023,18-11-2023,57964,82216,141,24252
8d20b8,STBLR-5,CAMP_DIW_01,P09,110,50% OFF,75,95,Atliq_Body_Milk_Nourishing_Lotion (120ML),Personal Care,Bengaluru,Diwali,12-11-2023,18-11-2023,8250,10450,20,2200
f88523,STTRV-1,CAMP_SAN_01,P05,55,25% OFF,10,9,Atliq_Scrub_Sponge_For_Dishwash,Home Care,Trivandrum,Sankranti,10-01-2024,16-01-2024,550,495,-1,-55
177b80,STMLR-0,CAMP_SAN_01,P14,1020,BOGOF,37,96,Atliq_waterproof_Immersion_Rod,Home Appliances,Mangalore,Sankranti,10-01-2024,16-01-2024,37740,97920,59,60180
317699,STCHE-2,CAMP_SAN_01,P03,200,BOGOF,310,1246,Atliq_Suflower_Oil (1L),Grocery & Staples,Chennai,Sankranti,10-01-2024,16-01-2024,62000,249200,936,187200
ef6d6d,STBLR-2,CAMP_SAN_01,P14,1020,BOGOF,88,346,Atliq_waterproof_Immersion_Rod,Home Appliances,Bengaluru,Sankranti,10-01-2024,16-01-2024,89760,352920,258,263160
1e51ee,STVSK-3,CAMP_SAN_01,P12,62,50% OFF,43,51,Atliq_Lime_Cool_Bathing_Bar (125GM),Personal Care,Visakhapatnam,Sankranti,10-01-2024,16-01-2024,2666,3162,8,496
c55ec9,STBLR-1,CAMP_SAN_01,P15,3000,500 Cashback,136,220,Atliq_Home_Essential_8_Product_Combo,Combo1,Bengaluru,Sankranti,10-01-2024,16-01-2024,408000,660000,84,252000
6bbadf,STHYD-1,CAMP_DIW_01,P14,1020,BOGOF,43,127,Atliq_waterproof_Immersion_Rod,Home Appliances,Hyderabad,Diwali,12-11-2023,18-11-2023,43860,129540,84,85680
edaef4,STHYD-5,CAMP_SAN_01,P03,200,BOGOF,416,1630,Atliq_Suflower_Oil (1L),Grocery & Staples,Hyderabad,Sankranti,10-01-2024,16-01-2024,83200,326000,1214,242800
d3f755,STCBE-1,CAMP_SAN_01,P08,1190,BOGOF,43,171,Atliq_Double_Bedsheet_set,Home Care,Coimbatore,Sankranti,10-01-2024,16-01-2024,51170,203490,128,152320
0ba095,STCBE-1,CAMP_DIW_01,P03,156,25% OFF,274,210,Atliq_Suflower_Oil (1L),Grocery & Staples,Coimbatore,Diwali,12-11-2023,18-11-2023,42744,32760,-64,-9984
911349,STHYD-0,CAMP_DIW_01,P15,3000,500 Cashback,397,1214,Atliq_Home_Essential_8_Product_Combo,Combo1,Hyderabad,Diwali,12-11-2023,18-11-2023,1191000,3642000,817,2451000
6d65d2,STBLR-8,CAMP_SAN_01,P04,370,BOGOF,480,1867,Atliq_Farm_Chakki_Atta (1KG),Grocery & Staples,Bengaluru,Sankranti,10-01-2024,16-01-2024,177600,690790,1387,513190
4ab3bc,STHYD-2,CAMP_SAN_01,P09,90,25% OFF,66,49,Atliq_Body_Milk_Nourishing_Lotion (120ML),Personal Care,Hyderabad,Sankranti,10-01-2024,16-01-2024,5940,4410,-17,-1530
c22cf6,STCHE-6,CAMP_SAN_01,P12,62,50% OFF,58,81,Atliq_Lime_Cool_Bathing_Bar (125GM),Personal Care,Chennai,Sankranti,10-01-2024,16-01-2024,3596,5022,23,1426
cc2182,STMDU-1,CAMP_DIW_01,P12,62,50% OFF,85,117,Atliq_Lime_Cool_Bathing_Bar (125GM),Personal Care,Madurai,Diwali,12-11-2023,18-11-2023,5270,7254,32,1984
bdf2b8,STVJD-1,CAMP_DIW_01,P12,62,50% OFF,56,71,Atliq_Lime_Cool_Bathing_Bar (125GM),Personal Care,Vijayawada,Diwali,12-11-2023,18-11-2023,3472,4402,15,930
db8aa8,STTRV-1,CAMP_SAN_01,P03,200,BOGOF,193,746,Atliq_Suflower_Oil (1L),Grocery & Staples,Trivandrum,Sankranti,10-01-2024,16-01-2024,38600,149200,553,110600
466d6c,STMYS-1,CAMP_SAN_01,P11,190,50% OFF,31,50,Atliq_Doodh_Kesar_Body_Lotion (200ML),Personal Care,Mysuru,Sankranti,10-01-2024,16-01-2024,5890,9500,19,3610
6444b7,STCHE-2,CAMP_DIW_01,P06,415,25% OFF,85,81,Atliq_Fusion_Container_Set_of_3,Home Care,Chennai,Diwali,12-11-2023,18-11-2023,35275,33615,-4,-1660
f1cd45,STVJD-1,CAMP_DIW_01,P11,190,50% OFF,50,64,Atliq_Doodh_Kesar_Body_Lotion (200ML),Personal Care,Vijayawada,Diwali,12-11-2023,18-11-2023,9500,12160,14,2660
23421e,STBLR-2,CAMP_SAN_01,P12,62,50% OFF,54,77,Atliq_Lime_Cool_Bathing_Bar (125GM),Personal Care,Bengaluru,Sankranti,10-01-2024,16-01-2024,3348,4774,23,1426
3c3c49,STCBE-2,CAMP_SAN_01,P08,1190,BOGOF,40,168,Atliq_Double_Bedsheet_set,Home Care,Coimbatore,Sankranti,10-01-2024,16-01-2024,47600,199920,128,152320
680acd,STHYD-3,CAMP_SAN_01,P11,190,50% OFF,46,73,Atliq_Doodh_Kesar_Body_Lotion (200ML),Personal Care,Hyderabad,Sankranti,10-01-2024,16-01-2024,8740,13870,27,5130
fe2fe7,STCHE-4,CAMP_DIW_01,P05,55,25% OFF,127,115,Atliq_Scrub_Sponge_For_Dishwash,Home Care,Chennai,Diwali,12-11-2023,18-11-2023,6985,6325,-12,-660
e2abd2,STCHE-3,CAMP_DIW_01,P09,110,50% OFF,73,92,Atliq_Body_Milk_Nourishing_Lotion (120ML),Personal Care,Chennai,Diwali,12-11-2023,18-11-2023,8030,10120,19,2090
7c51b1,STCBE-0,CAMP_DIW_01,P09,110,50% OFF,59,89,Atliq_Body_Milk_Nourishing_Lotion (120ML),Personal Care,Coimbatore,Diwali,12-11-2023,18-11-2023,6490,9790,30,3300
494f1b,STVSK-2,CAMP_SAN_01,P13,350,BOGOF,94,374,Atliq_High_Glo_15W_LED_Bulb,Home Appliances,Visakhapatnam,Sankranti,10-01-2024,16-01-2024,32900,130900,280,98000
144c17,STCHE-2,CAMP_DIW_01,P02,860,33% OFF,411,509,Atliq_Sonamasuri_Rice (10KG),Grocery & Staples,Chennai,Diwali,12-11-2023,18-11-2023,353460,437740,98,84280
28acbc,STBLR-2,CAMP_DIW_01,P10,65,50% OFF,105,132,Atliq_Cream_Beauty_Bathing_Soap (125GM),Personal Care,Bengaluru,Diwali,12-11-2023,18-11-2023,6825,8580,27,1755
00af86,STCBE-0,CAMP_SAN_01,P06,415,25% OFF,15,14,Atliq_Fusion_Container_Set_of_3,Home Care,Coimbatore,Sankranti,10-01-2024,16-01-2024,6225,5810,-1,-415
6321fa,STCHE-3,CAMP_SAN_01,P10,50,25% OFF,31,26,Atliq_Cream_Beauty_Bathing_Soap (125GM),Personal Care,Chennai,Sankranti,10-01-2024,16-01-2024,1550,1300,-5,-250
6a7668,STCHE-4,CAMP_SAN_01,P15,3000,500 Cashback,112,321,Atliq_Home_Essential_8_Product_Combo,Combo1,Chennai,Sankranti,10-01-2024,16-01-2024,336000,963000,209,627000
c7fefa,STMDU-1,CAMP_SAN_01,P11,190,50% OFF,28,40,Atliq_Doodh_Kesar_Body_Lotion (200ML),Personal Care,Madurai,Sankranti,10-01-2024,16-01-2024,5320,7600,12,2280
c5f80e,STCHE-1,CAMP_DIW_01,P14,1020,BOGOF,43,125,Atliq_waterproof_Immersion_Rod,Home Appliances,Chennai,Diwali,12-11-2023,18-11-2023,43860,127500,82,83640
86755e,STCHE-4,CAMP_SAN_01,P07,300,BOGOF,45,191,Atliq_Curtains,Home Care,Chennai,Sankranti,10-01-2024,16-01-2024,13500,57300,146,43800
3.56E+10,STMDU-3,CAMP_SAN_01,P08,1190,BOGOF,36,145,Atliq_Double_Bedsheet_set,Home Care,Madurai,Sankranti,10-01-2024,16-01-2024,42840,172550,109,129710
a26b45,STBLR-3,CAMP_DIW_01,P01,172,33% OFF,287,413,Atliq_Masoor_Dal (1KG),Grocery & Staples,Bengaluru,Diwali,12-11-2023,18-11-2023,49364,71036,126,21672
fe7b5d,STHYD-2,CAMP_SAN_01,P03,200,BOGOF,472,1902,Atliq_Suflower_Oil (1L),Grocery & Staples,Hyderabad,Sankranti,10-01-2024,16-01-2024,94400,380400,1430,286000
8d68bc,STHYD-2,CAMP_DIW_01,P03,156,25% OFF,357,289,Atliq_Suflower_Oil (1L),Grocery & Staples,Hyderabad,Diwali,12-11-2023,18-11-2023,55692,45084,-68,-10608
9bc176,STHYD-3,CAMP_SAN_01,P04,370,BOGOF,416,1085,Atliq_Farm_Chakki_Atta (1KG),Grocery & Staples,Hyderabad,Sankranti,10-01-2024,16-01-2024,153920,401450,669,247530
17df71,STHYD-0,CAMP_SAN_01,P08,1190,BOGOF,46,179,Atliq_Double_Bedsheet_set,Home Care,Hyderabad,Sankranti,10-01-2024,16-01-2024,54740,213010,133,158270
342d35,STCBE-3,CAMP_DIW_01,P08,1190,BOGOF,29,96,Atliq_Double_Bedsheet_set,Home Care,Coimbatore,Diwali,12-11-2023,18-11-2023,34510,114240,67,79730
d8f51c,STMYS-1,CAMP_DIW_01,P15,3000,500 Cashback,449,1499,Atliq_Home_Essential_8_Product_Combo,Combo1,Mysuru,Diwali,12-11-2023,18-11-2023,1347000,4497000,1050,3150000
cd36b2,STCHE-4,CAMP_DIW_01,P10,65,50% OFF,127,168,Atliq_Cream_Beauty_Bathing_Soap (125GM),Personal Care,Chennai,Diwali,12-11-2023,18-11-2023,8255,10920,41,2665
780aaa,STMYS-1,CAMP_SAN_01,P06,415,25% OFF,19,14,Atliq_Fusion_Container_Set_of_3,Home Care,Mysuru,Sankranti,10-01-2024,16-01-2024,7885,5810,-5,-2075
decd5e,STMDU-2,CAMP_SAN_01,P10,50,25% OFF,21,17,Atliq_Cream_Beauty_Bathing_Soap (125GM),Personal Care,Madurai,Sankranti,10-01-2024,16-01-2024,1050,850,-4,-200
d88318,STCHE-5,CAMP_DIW_01,P08,1190,BOGOF,45,149,Atliq_Double_Bedsheet_set,Home Care,Chennai,Diwali,12-11-2023,18-11-2023,53550,177310,104,123760
bf2632,STCHE-1,CAMP_SAN_01,P12,62,50% OFF,57,66,Atliq_Lime_Cool_Bathing_Bar (125GM),Personal Care,Chennai,Sankranti,10-01-2024,16-01-2024,3534,4092,9,558
902903,STVSK-2,CAMP_DIW_01,P13,350,BOGOF,49,164,Atliq_High_Glo_15W_LED_Bulb,Home Appliances,Visakhapatnam,Diwali,12-11-2023,18-11-2023,17150,57400,115,40250
8481be,STCHE-1,CAMP_DIW_01,P04,290,25% OFF,327,287,Atliq_Farm_Chakki_Atta (1KG),Grocery & Staples,Chennai,Diwali,12-11-2023,18-11-2023,94830,83230,-40,-11600
333ef0,STHYD-0,CAMP_DIW_01,P14,1020,BOGOF,47,163,Atliq_waterproof_Immersion_Rod,Home Appliances,Hyderabad,Diwali,12-11-2023,18-11-2023,47940,166260,116,118320
5dd3d3,STVJD-0,CAMP_DIW_01,P09,110,50% OFF,40,54,Atliq_Body_Milk_Nourishing_Lotion (120ML),Personal Care,Vijayawada,Diwali,12-11-2023,18-11-2023,4400,5940,14,1540
98cc83,STVSK-0,CAMP_DIW_01,P10,65,50% OFF,84,127,Atliq_Cream_Beauty_Bathing_Soap (125GM),Personal Care,Visakhapatnam,Diwali,12-11-2023,18-11-2023,5460,8255,43,2795
5a6ad7,STBLR-9,CAMP_DIW_01,P14,1020,BOGOF,45,153,Atliq_waterproof_Immersion_Rod,Home Appliances,Bengaluru,Diwali,12-11-2023,18-11-2023,45900,156060,108,110160
b0cc1e,STBLR-9,CAMP_SAN_01,P02,860,33% OFF,610,847,Atliq_Sonamasuri_Rice (10KG),Grocery & Staples,Bengaluru,Sankranti,10-01-2024,16-01-2024,524600,728420,237,203820
21b73e,STTRV-0,CAMP_DIW_01,P05,55,25% OFF,61,59,Atliq_Scrub_Sponge_For_Dishwash,Home Care,Trivandrum,Diwali,12-11-2023,18-11-2023,3355,3245,-2,-110
c3c9e3,STVSK-1,CAMP_DIW_01,P15,3000,500 Cashback,301,869,Atliq_Home_Essential_8_Product_Combo,Combo1,Visakhapatnam,Diwali,12-11-2023,18-11-2023,903000,2607000,568,1704000
b76f57,STBLR-8,CAMP_DIW_01,P13,350,BOGOF,66,220,Atliq_High_Glo_15W_LED_Bulb,Home Appliances,Bengaluru,Diwali,12-11-2023,18-11-2023,23100,77000,154,53900
95792f,STMDU-2,CAMP_SAN_01,P15,3000,500 Cashback,106,243,Atliq_Home_Essential_8_Product_Combo,Combo1,Madurai,Sankranti,10-01-2024,16-01-2024,318000,729000,137,411000
53b2fd,STHYD-6,CAMP_DIW_01,P01,172,33% OFF,320,467,Atliq_Masoor_Dal (1KG),Grocery & Staples,Hyderabad,Diwali,12-11-2023,18-11-2023,55040,80324,147,25284
6a54d2,STCHE-5,CAMP_SAN_01,P01,172,33% OFF,303,360,Atliq_Masoor_Dal (1KG),Grocery & Staples,Chennai,Sankranti,10-01-2024,16-01-2024,52116,61920,57,9804
cb7ddd,STVJD-1,CAMP_DIW_01,P09,110,50% OFF,49,65,Atliq_Body_Milk_Nourishing_Lotion (120ML),Personal Care,Vijayawada,Diwali,12-11-2023,18-11-2023,5390,7150,16,1760
f57184,STHYD-5,CAMP_SAN_01,P05,55,25% OFF,21,18,Atliq_Scrub_Sponge_For_Dishwash,Home Care,Hyderabad,Sankranti,10-01-2024,16-01-2024,1155,990,-3,-165
4f76ac,STMYS-3,CAMP_DIW_01,P04,290,25% OFF,383,344,Atliq_Farm_Chakki_Atta (1KG),Grocery & Staples,Mysuru,Diwali,12-11-2023,18-11-2023,111070,99760,-39,-11310
3b086a,STBLR-4,CAMP_SAN_01,P06,415,25% OFF,36,29,Atliq_Fusion_Container_Set_of_3,Home Care,Bengaluru,Sankranti,10-01-2024,16-01-2024,14940,12035,-7,-2905
0cc836,STVSK-0,CAMP_SAN_01,P05,55,25% OFF,18,14,Atliq_Scrub_Sponge_For_Dishwash,Home Care,Visakhapatnam,Sankranti,10-01-2024,16-01-2024,990,770,-4,-220
aacd2a,STMYS-3,CAMP_SAN_01,P10,50,25% OFF,25,21,Atliq_Cream_Beauty_Bathing_Soap (125GM),Personal Care,Mysuru,Sankranti,10-01-2024,16-01-2024,1250,1050,-4,-200
3968a6,STMYS-3,CAMP_SAN_01,P05,55,25% OFF,19,16,Atliq_Scrub_Sponge_For_Dishwash,Home Care,Mysuru,Sankranti,10-01-2024,16-01-2024,1045,880,-3,-165
fc2170,STCBE-3,CAMP_SAN_01,P08,1190,BOGOF,40,158,Atliq_Double_Bedsheet_set,Home Care,Coimbatore,Sankranti,10-01-2024,16-01-2024,47600,188020,118,140420
368ca0,STBLR-4,CAMP_SAN_01,P04,370,BOGOF,432,1736,Atliq_Farm_Chakki_Atta (1KG),Grocery & Staples,Bengaluru,Sankranti,10-01-2024,16-01-2024,159840,642320,1304,482480
729701,STVSK-2,CAMP_SAN_01,P06,415,25% OFF,22,18,Atliq_Fusion_Container_Set_of_3,Home Care,Visakhapatnam,Sankranti,10-01-2024,16-01-2024,9130,7470,-4,-1660
6d863b,STCBE-1,CAMP_SAN_01,P07,300,BOGOF,40,155,Atliq_Curtains,Home Care,Coimbatore,Sankranti,10-01-2024,16-01-2024,12000,46500,115,34500
1d651c,STCHE-5,CAMP_SAN_01,P15,3000,500 Cashback,121,273,Atliq_Home_Essential_8_Product_Combo,Combo1,Chennai,Sankranti,10-01-2024,16-01-2024,363000,819000,152,456000
a7aa70,STMDU-2,CAMP_SAN_01,P11,190,50% OFF,25,28,Atliq_Doodh_Kesar_Body_Lotion (200ML),Personal Care,Madurai,Sankranti,10-01-2024,16-01-2024,4750,5320,3,570
06c981,STHYD-2,CAMP_DIW_01,P14,1020,BOGOF,42,139,Atliq_waterproof_Immersion_Rod,Home Appliances,Hyderabad,Diwali,12-11-2023,18-11-2023,42840,141780,97,98940
626cb9,STMLR-0,CAMP_DIW_01,P09,110,50% OFF,36,48,Atliq_Body_Milk_Nourishing_Lotion (120ML),Personal Care,Mangalore,Diwali,12-11-2023,18-11-2023,3960,5280,12,1320
6c1493,STVJD-1,CAMP_SAN_01,P15,3000,500 Cashback,66,144,Atliq_Home_Essential_8_Product_Combo,Combo1,Vijayawada,Sankranti,10-01-2024,16-01-2024,198000,432000,78,234000
c22ead,STBLR-6,CAMP_SAN_01,P11,190,50% OFF,43,66,Atliq_Doodh_Kesar_Body_Lotion (200ML),Personal Care,Bengaluru,Sankranti,10-01-2024,16-01-2024,8170,12540,23,4370
a35a4f,STCHE-6,CAMP_DIW_01,P10,65,50% OFF,122,153,Atliq_Cream_Beauty_Bathing_Soap (125GM),Personal Care,Chennai,Diwali,12-11-2023,18-11-2023,7930,9945,31,2015
4f7c26,STCBE-4,CAMP_DIW_01,P15,3000,500 Cashback,316,818,Atliq_Home_Essential_8_Product_Combo,Combo1,Coimbatore,Diwali,12-11-2023,18-11-2023,948000,2454000,502,1506000
c4dae9,STHYD-0,CAMP_DIW_01,P08,1190,BOGOF,52,180,Atliq_Double_Bedsheet_set,Home Care,Hyderabad,Diwali,12-11-2023,18-11-2023,61880,214200,128,152320
f199be,STBLR-6,CAMP_DIW_01,P06,415,25% OFF,87,78,Atliq_Fusion_Container_Set_of_3,Home Care,Bengaluru,Diwali,12-11-2023,18-11-2023,36105,32370,-9,-3735
c1debe,STCHE-3,CAMP_DIW_01,P15,3000,500 Cashback,381,1303,Atliq_Home_Essential_8_Product_Combo,Combo1,Chennai,Diwali,12-11-2023,18-11-2023,1143000,3909000,922,2766000
d61f6f,STHYD-3,CAMP_SAN_01,P03,200,BOGOF,331,903,Atliq_Suflower_Oil (1L),Grocery & Staples,Hyderabad,Sankranti,10-01-2024,16-01-2024,66200,180600,572,114400
459bc3,STBLR-8,CAMP_SAN_01,P13,350,BOGOF,97,378,Atliq_High_Glo_15W_LED_Bulb,Home Appliances,Bengaluru,Sankranti,10-01-2024,16-01-2024,33950,132300,281,98350
ed90b8,STVSK-4,CAMP_SAN_01,P05,55,25% OFF,18,13,Atliq_Scrub_Sponge_For_Dishwash,Home Care,Visakhapatnam,Sankranti,10-01-2024,16-01-2024,990,715,-5,-275
8fecef,STCHE-1,CAMP_DIW_01,P07,300,BOGOF,75,217,Atliq_Curtains,Home Care,Chennai,Diwali,12-11-2023,18-11-2023,22500,65100,142,42600
dc2bb1,STMYS-3,CAMP_SAN_01,P02,860,33% OFF,400,476,Atliq_Sonamasuri_Rice (10KG),Grocery & Staples,Mysuru,Sankranti,10-01-2024,16-01-2024,344000,409360,76,65360
13a676,STCBE-4,CAMP_DIW_01,P01,172,33% OFF,203,296,Atliq_Masoor_Dal (1KG),Grocery & Staples,Coimbatore,Diwali,12-11-2023,18-11-2023,34916,50912,93,15996
42fb76,STHYD-5,CAMP_DIW_01,P10,65,50% OFF,112,151,Atliq_Cream_Beauty_Bathing_Soap (125GM),Personal Care,Hyderabad,Diwali,12-11-2023,18-11-2023,7280,9815,39,2535
f741af,STHYD-2,CAMP_SAN_01,P01,172,33% OFF,333,456,Atliq_Masoor_Dal (1KG),Grocery & Staples,Hyderabad,Sankranti,10-01-2024,16-01-2024,57276,78432,123,21156
5c6465,STHYD-5,CAMP_SAN_01,P08,1190,BOGOF,36,139,Atliq_Double_Bedsheet_set,Home Care,Hyderabad,Sankranti,10-01-2024,16-01-2024,42840,165410,103,122570
2ba228,STCHE-5,CAMP_DIW_01,P02,860,33% OFF,316,388,Atliq_Sonamasuri_Rice (10KG),Grocery & Staples,Chennai,Diwali,12-11-2023,18-11-2023,271760,333680,72,61920
21ac82,STHYD-2,CAMP_SAN_01,P06,415,25% OFF,46,34,Atliq_Fusion_Container_Set_of_3,Home Care,Hyderabad,Sankranti,10-01-2024,16-01-2024,19090,14110,-12,-4980
8e97d1,STBLR-7,CAMP_SAN_01,P09,90,25% OFF,72,58,Atliq_Body_Milk_Nourishing_Lotion (120ML),Personal Care,Bengaluru,Sankranti,10-01-2024,16-01-2024,6480,5220,-14,-1260
335090,STMYS-0,CAMP_DIW_01,P15,3000,500 Cashback,262,673,Atliq_Home_Essential_8_Product_Combo,Combo1,Mysuru,Diwali,12-11-2023,18-11-2023,786000,2019000,411,1233000
fc8d10,STMLR-0,CAMP_SAN_01,P08,1190,BOGOF,27,70,Atliq_Double_Bedsheet_set,Home Care,Mangalore,Sankranti,10-01-2024,16-01-2024,32130,83300,43,51170
9a425b,STCBE-0,CAMP_DIW_01,P03,156,25% OFF,276,267,Atliq_Suflower_Oil (1L),Grocery & Staples,Coimbatore,Diwali,12-11-2023,18-11-2023,43056,41652,-9,-1404
4f570c,STBLR-7,CAMP_DIW_01,P05,55,25% OFF,122,107,Atliq_Scrub_Sponge_For_Dishwash,Home Care,Bengaluru,Diwali,12-11-2023,18-11-2023,6710,5885,-15,-825
d1138a,STTRV-1,CAMP_DIW_01,P12,62,50% OFF,63,84,Atliq_Lime_Cool_Bathing_Bar (125GM),Personal Care,Trivandrum,Diwali,12-11-2023,18-11-2023,3906,5208,21,1302
b6dd84,STVJD-1,CAMP_SAN_01,P01,172,33% OFF,166,225,Atliq_Masoor_Dal (1KG),Grocery & Staples,Vijayawada,Sankranti,10-01-2024,16-01-2024,28552,38700,59,10148
151c7d,STMLR-1,CAMP_DIW_01,P06,415,25% OFF,49,42,Atliq_Fusion_Container_Set_of_3,Home Care,Mangalore,Diwali,12-11-2023,18-11-2023,20335,17430,-7,-2905
240703,STHYD-5,CAMP_SAN_01,P02,860,33% OFF,471,659,Atliq_Sonamasuri_Rice (10KG),Grocery & Staples,Hyderabad,Sankranti,10-01-2024,16-01-2024,405060,566740,188,161680
8d5095,STCBE-2,CAMP_DIW_01,P15,3000,500 Cashback,234,840,Atliq_Home_Essential_8_Product_Combo,Combo1,Coimbatore,Diwali,12-11-2023,18-11-2023,702000,2520000,606,1818000
efd0d2,STMYS-2,CAMP_DIW_01,P15,3000,500 Cashback,486,1273,Atliq_Home_Essential_8_Product_Combo,Combo1,Mysuru,Diwali,12-11-2023,18-11-2023,1458000,3819000,787,2361000
8ef678,STMYS-3,CAMP_DIW_01,P01,172,33% OFF,311,398,Atliq_Masoor_Dal (1KG),Grocery & Staples,Mysuru,Diwali,12-11-2023,18-11-2023,53492,68456,87,14964
4ca177,STVSK-4,CAMP_SAN_01,P14,1020,BOGOF,75,198,Atliq_waterproof_Immersion_Rod,Home Appliances,Visakhapatnam,Sankranti,10-01-2024,16-01-2024,76500,201960,123,125460
fc3f51,STBLR-6,CAMP_SAN_01,P07,300,BOGOF,40,165,Atliq_Curtains,Home Care,Bengaluru,Sankranti,10-01-2024,16-01-2024,12000,49500,125,37500
f3d93f,STHYD-4,CAMP_DIW_01,P09,110,50% OFF,73,95,Atliq_Body_Milk_Nourishing_Lotion (120ML),Personal Care,Hyderabad,Diwali,12-11-2023,18-11-2023,8030,10450,22,2420
792708,STBLR-5,CAMP_SAN_01,P13,350,BOGOF,115,445,Atliq_High_Glo_15W_LED_Bulb,Home Appliances,Bengaluru,Sankranti,10-01-2024,16-01-2024,40250,155750,330,115500
4692bf,STMLR-0,CAMP_SAN_01,P04,370,BOGOF,267,731,Atliq_Farm_Chakki_Atta (1KG),Grocery & Staples,Mangalore,Sankranti,10-01-2024,16-01-2024,98790,270470,464,171680
deb3a5,STHYD-2,CAMP_SAN_01,P12,62,50% OFF,52,72,Atliq_Lime_Cool_Bathing_Bar (125GM),Personal Care,Hyderabad,Sankranti,10-01-2024,16-01-2024,3224,4464,20,1240
a0dc46,STHYD-3,CAMP_DIW_01,P05,55,25% OFF,129,104,Atliq_Scrub_Sponge_For_Dishwash,Home Care,Hyderabad,Diwali,12-11-2023,18-11-2023,7095,5720,-25,-1375
bb447f,STCBE-3,CAMP_SAN_01,P12,62,50% OFF,36,55,Atliq_Lime_Cool_Bathing_Bar (125GM),Personal Care,Coimbatore,Sankranti,10-01-2024,16-01-2024,2232,3410,19,1178
fa1dd3,STCHE-3,CAMP_SAN_01,P15,3000,500 Cashback,127,367,Atliq_Home_Essential_8_Product_Combo,Combo1,Chennai,Sankranti,10-01-2024,16-01-2024,381000,1101000,240,720000
837127,STVJD-0,CAMP_DIW_01,P03,156,25% OFF,208,197,Atliq_Suflower_Oil (1L),Grocery & Staples,Vijayawada,Diwali,12-11-2023,18-11-2023,32448,30732,-11,-1716
6aae63,STMYS-2,CAMP_DIW_01,P13,350,BOGOF,63,189,Atliq_High_Glo_15W_LED_Bulb,Home Appliances,Mysuru,Diwali,12-11-2023,18-11-2023,22050,66150,126,44100
a24528,STVSK-2,CAMP_DIW_01,P05,55,25% OFF,70,62,Atliq_Scrub_Sponge_For_Dishwash,Home Care,Visakhapatnam,Diwali,12-11-2023,18-11-2023,3850,3410,-8,-440
4ff977,STVSK-4,CAMP_DIW_01,P15,3000,500 Cashback,292,750,Atliq_Home_Essential_8_Product_Combo,Combo1,Visakhapatnam,Diwali,12-11-2023,18-11-2023,876000,2250000,458,1374000
3.42E+08,STMDU-3,CAMP_SAN_01,P11,190,50% OFF,34,38,Atliq_Doodh_Kesar_Body_Lotion (200ML),Personal Care,Madurai,Sankranti,10-01-2024,16-01-2024,6460,7220,4,760
f8b215,STBLR-4,CAMP_DIW_01,P14,1020,BOGOF,40,138,Atliq_waterproof_Immersion_Rod,Home Appliances,Bengaluru,Diwali,12-11-2023,18-11-2023,40800,140760,98,99960
f6c17f,STBLR-0,CAMP_SAN_01,P09,90,25% OFF,54,45,Atliq_Body_Milk_Nourishing_Lotion (120ML),Personal Care,Bengaluru,Sankranti,10-01-2024,16-01-2024,4860,4050,-9,-810
67f756,STHYD-5,CAMP_SAN_01,P13,350,BOGOF,111,441,Atliq_High_Glo_15W_LED_Bulb,Home Appliances,Hyderabad,Sankranti,10-01-2024,16-01-2024,38850,154350,330,115500
d6cc80,STCHE-4,CAMP_DIW_01,P07,300,BOGOF,61,236,Atliq_Curtains,Home Care,Chennai,Diwali,12-11-2023,18-11-2023,18300,70800,175,52500
9d9a6c,STCBE-1,CAMP_SAN_01,P15,3000,500 Cashback,82,190,Atliq_Home_Essential_8_Product_Combo,Combo1,Coimbatore,Sankranti,10-01-2024,16-01-2024,246000,570000,108,324000
7ae5f8,STCHE-7,CAMP_DIW_01,P11,190,50% OFF,87,114,Atliq_Doodh_Kesar_Body_Lotion (200ML),Personal Care,Chennai,Diwali,12-11-2023,18-11-2023,16530,21660,27,5130
fedf26,STMLR-2,CAMP_SAN_01,P10,50,25% OFF,19,15,Atliq_Cream_Beauty_Bathing_Soap (125GM),Personal Care,Mangalore,Sankranti,10-01-2024,16-01-2024,950,750,-4,-200
bfdede,STMYS-2,CAMP_SAN_01,P11,190,50% OFF,61,86,Atliq_Doodh_Kesar_Body_Lotion (200ML),Personal Care,Mysuru,Sankranti,10-01-2024,16-01-2024,11590,16340,25,4750
e2f806,STMDU-1,CAMP_DIW_01,P14,1020,BOGOF,36,126,Atliq_waterproof_Immersion_Rod,Home Appliances,Madurai,Diwali,12-11-2023,18-11-2023,36720,128520,90,91800
2706c5,STMYS-2,CAMP_DIW_01,P12,62,50% OFF,77,97,Atliq_Lime_Cool_Bathing_Bar (125GM),Personal Care,Mysuru,Diwali,12-11-2023,18-11-2023,4774,6014,20,1240
79f662,STVSK-1,CAMP_SAN_01,P09,90,25% OFF,40,28,Atliq_Body_Milk_Nourishing_Lotion (120ML),Personal Care,Visakhapatnam,Sankranti,10-01-2024,16-01-2024,3600,2520,-12,-1080
3133f3,STCHE-5,CAMP_SAN_01,P09,90,25% OFF,63,53,Atliq_Body_Milk_Nourishing_Lotion (120ML),Personal Care,Chennai,Sankranti,10-01-2024,16-01-2024,5670,4770,-10,-900
fd4e7e,STCBE-4,CAMP_SAN_01,P03,200,BOGOF,336,913,Atliq_Suflower_Oil (1L),Grocery & Staples,Coimbatore,Sankranti,10-01-2024,16-01-2024,67200,182600,577,115400
77c6d5,STCHE-1,CAMP_DIW_01,P09,110,50% OFF,59,67,Atliq_Body_Milk_Nourishing_Lotion (120ML),Personal Care,Chennai,Diwali,12-11-2023,18-11-2023,6490,7370,8,880
0d23fe,STVSK-4,CAMP_DIW_01,P09,110,50% OFF,63,86,Atliq_Body_Milk_Nourishing_Lotion (120ML),Personal Care,Visakhapatnam,Diwali,12-11-2023,18-11-2023,6930,9460,23,2530
221da2,STCBE-3,CAMP_SAN_01,P15,3000,500 Cashback,91,211,Atliq_Home_Essential_8_Product_Combo,Combo1,Coimbatore,Sankranti,10-01-2024,16-01-2024,273000,633000,120,360000
b1a501,STBLR-0,CAMP_DIW_01,P11,190,50% OFF,80,108,Atliq_Doodh_Kesar_Body_Lotion (200ML),Personal Care,Bengaluru,Diwali,12-11-2023,18-11-2023,15200,20520,28,5320
4e42b9,STHYD-4,CAMP_SAN_01,P03,200,BOGOF,376,1447,Atliq_Suflower_Oil (1L),Grocery & Staples,Hyderabad,Sankranti,10-01-2024,16-01-2024,75200,289400,1071,214200
1e5ae7,STCHE-7,CAMP_SAN_01,P09,90,25% OFF,54,51,Atliq_Body_Milk_Nourishing_Lotion (120ML),Personal Care,Chennai,Sankranti,10-01-2024,16-01-2024,4860,4590,-3,-270
078a6a,STMDU-0,CAMP_SAN_01,P09,90,25% OFF,57,47,Atliq_Body_Milk_Nourishing_Lotion (120ML),Personal Care,Madurai,Sankranti,10-01-2024,16-01-2024,5130,4230,-10,-900
8dca75,STBLR-5,CAMP_DIW_01,P13,350,BOGOF,71,248,Atliq_High_Glo_15W_LED_Bulb,Home Appliances,Bengaluru,Diwali,12-11-2023,18-11-2023,24850,86800,177,61950
4eb35e,STCHE-6,CAMP_SAN_01,P04,370,BOGOF,483,1907,Atliq_Farm_Chakki_Atta (1KG),Grocery & Staples,Chennai,Sankranti,10-01-2024,16-01-2024,178710,705590,1424,526880
73ad85,STHYD-5,CAMP_DIW_01,P05,55,25% OFF,106,102,Atliq_Scrub_Sponge_For_Dishwash,Home Care,Hyderabad,Diwali,12-11-2023,18-11-2023,5830,5610,-4,-220
b98ea0,STCHE-3,CAMP_SAN_01,P11,190,50% OFF,48,69,Atliq_Doodh_Kesar_Body_Lotion (200ML),Personal Care,Chennai,Sankranti,10-01-2024,16-01-2024,9120,13110,21,3990
4406de,STVSK-1,CAMP_SAN_01,P11,190,50% OFF,28,40,Atliq_Doodh_Kesar_Body_Lotion (200ML),Personal Care,Visakhapatnam,Sankranti,10-01-2024,16-01-2024,5320,7600,12,2280
e98f37,STBLR-3,CAMP_DIW_01,P08,1190,BOGOF,43,145,Atliq_Double_Bedsheet_set,Home Care,Bengaluru,Diwali,12-11-2023,18-11-2023,51170,172550,102,121380
311946,STBLR-5,CAMP_DIW_01,P05,55,25% OFF,119,107,Atliq_Scrub_Sponge_For_Dishwash,Home Care,Bengaluru,Diwali,12-11-2023,18-11-2023,6545,5885,-12,-660
598637,STCHE-7,CAMP_DIW_01,P09,110,50% OFF,71,90,Atliq_Body_Milk_Nourishing_Lotion (120ML),Personal Care,Chennai,Diwali,12-11-2023,18-11-2023,7810,9900,19,2090
a2fd0b,STBLR-6,CAMP_DIW_01,P12,62,50% OFF,112,165,Atliq_Lime_Cool_Bathing_Bar (125GM),Personal Care,Bengaluru,Diwali,12-11-2023,18-11-2023,6944,10230,53,3286
53089f,STTRV-0,CAMP_DIW_01,P07,300,BOGOF,26,87,Atliq_Curtains,Home Care,Trivandrum,Diwali,12-11-2023,18-11-2023,7800,26100,61,18300
82ff02,STMDU-0,CAMP_SAN_01,P10,50,25% OFF,22,18,Atliq_Cream_Beauty_Bathing_Soap (125GM),Personal Care,Madurai,Sankranti,10-01-2024,16-01-2024,1100,900,-4,-200
20618e,STCHE-3,CAMP_SAN_01,P04,370,BOGOF,379,1622,Atliq_Farm_Chakki_Atta (1KG),Grocery & Staples,Chennai,Sankranti,10-01-2024,16-01-2024,140230,600140,1243,459910
1b6084,STMLR-1,CAMP_DIW_01,P01,172,33% OFF,141,217,Atliq_Masoor_Dal (1KG),Grocery & Staples,Mangalore,Diwali,12-11-2023,18-11-2023,24252,37324,76,13072
4cd59b,STVSK-0,CAMP_SAN_01,P09,90,25% OFF,42,35,Atliq_Body_Milk_Nourishing_Lotion (120ML),Personal Care,Visakhapatnam,Sankranti,10-01-2024,16-01-2024,3780,3150,-7,-630
716a3b,STCHE-5,CAMP_SAN_01,P14,1020,BOGOF,130,514,Atliq_waterproof_Immersion_Rod,Home Appliances,Chennai,Sankranti,10-01-2024,16-01-2024,132600,524280,384,391680
c32fcd,STHYD-3,CAMP_SAN_01,P08,1190,BOGOF,73,192,Atliq_Double_Bedsheet_set,Home Care,Hyderabad,Sankranti,10-01-2024,16-01-2024,86870,228480,119,141610
f517b1,STVSK-4,CAMP_SAN_01,P07,300,BOGOF,33,83,Atliq_Curtains,Home Care,Visakhapatnam,Sankranti,10-01-2024,16-01-2024,9900,24900,50,15000
f2d468,STTRV-0,CAMP_SAN_01,P03,200,BOGOF,190,741,Atliq_Suflower_Oil (1L),Grocery & Staples,Trivandrum,Sankranti,10-01-2024,16-01-2024,38000,148200,551,110200
371e1a,STBLR-5,CAMP_DIW_01,P01,172,33% OFF,322,483,Atliq_Masoor_Dal (1KG),Grocery & Staples,Bengaluru,Diwali,12-11-2023,18-11-2023,55384,83076,161,27692
9bd616,STCHE-0,CAMP_DIW_01,P01,172,33% OFF,330,504,Atliq_Masoor_Dal (1KG),Grocery & Staples,Chennai,Diwali,12-11-2023,18-11-2023,56760,86688,174,29928
1c9eaa,STBLR-6,CAMP_DIW_01,P02,860,33% OFF,367,612,Atliq_Sonamasuri_Rice (10KG),Grocery & Staples,Bengaluru,Diwali,12-11-2023,18-11-2023,315620,526320,245,210700
1b0022,STVSK-0,CAMP_SAN_01,P04,370,BOGOF,370,1457,Atliq_Farm_Chakki_Atta (1KG),Grocery & Staples,Visakhapatnam,Sankranti,10-01-2024,16-01-2024,136900,539090,1087,402190
ad2ad4,STMDU-3,CAMP_DIW_01,P04,290,25% OFF,197,175,Atliq_Farm_Chakki_Atta (1KG),Grocery & Staples,Madurai,Diwali,12-11-2023,18-11-2023,57130,50750,-22,-6380
fad26a,STCHE-3,CAMP_DIW_01,P01,172,33% OFF,369,546,Atliq_Masoor_Dal (1KG),Grocery & Staples,Chennai,Diwali,12-11-2023,18-11-2023,63468,93912,177,30444
26a18a,STVSK-3,CAMP_SAN_01,P15,3000,500 Cashback,109,192,Atliq_Home_Essential_8_Product_Combo,Combo1,Visakhapatnam,Sankranti,10-01-2024,16-01-2024,327000,576000,83,249000
d3d574,STMLR-2,CAMP_SAN_01,P08,1190,BOGOF,16,63,Atliq_Double_Bedsheet_set,Home Care,Mangalore,Sankranti,10-01-2024,16-01-2024,19040,74970,47,55930
0edad5,STTRV-1,CAMP_SAN_01,P13,350,BOGOF,51,205,Atliq_High_Glo_15W_LED_Bulb,Home Appliances,Trivandrum,Sankranti,10-01-2024,16-01-2024,17850,71750,154,53900
46ee5a,STCBE-3,CAMP_DIW_01,P04,290,25% OFF,246,214,Atliq_Farm_Chakki_Atta (1KG),Grocery & Staples,Coimbatore,Diwali,12-11-2023,18-11-2023,71340,62060,-32,-9280
9d3d1f,STCHE-6,CAMP_SAN_01,P15,3000,500 Cashback,147,320,Atliq_Home_Essential_8_Product_Combo,Combo1,Chennai,Sankranti,10-01-2024,16-01-2024,441000,960000,173,519000
caa1e1,STCHE-5,CAMP_SAN_01,P03,200,BOGOF,432,1736,Atliq_Suflower_Oil (1L),Grocery & Staples,Chennai,Sankranti,10-01-2024,16-01-2024,86400,347200,1304,260800
7d9576,STBLR-7,CAMP_SAN_01,P15,3000,500 Cashback,120,345,Atliq_Home_Essential_8_Product_Combo,Combo1,Bengaluru,Sankranti,10-01-2024,16-01-2024,360000,1035000,225,675000
59f792,STCHE-4,CAMP_DIW_01,P15,3000,500 Cashback,448,1545,Atliq_Home_Essential_8_Product_Combo,Combo1,Chennai,Diwali,12-11-2023,18-11-2023,1344000,4635000,1097,3291000
86206,STHYD-1,CAMP_SAN_01,P14,1020,BOGOF,102,279,Atliq_waterproof_Immersion_Rod,Home Appliances,Hyderabad,Sankranti,10-01-2024,16-01-2024,104040,284580,177,180540
457639,STCHE-4,CAMP_SAN_01,P08,1190,BOGOF,54,222,Atliq_Double_Bedsheet_set,Home Care,Chennai,Sankranti,10-01-2024,16-01-2024,64260,264180,168,199920
5f18fc,STVJD-1,CAMP_SAN_01,P10,50,25% OFF,18,13,Atliq_Cream_Beauty_Bathing_Soap (125GM),Personal Care,Vijayawada,Sankranti,10-01-2024,16-01-2024,900,650,-5,-250
2fe921,STCHE-0,CAMP_SAN_01,P05,55,25% OFF,25,21,Atliq_Scrub_Sponge_For_Dishwash,Home Care,Chennai,Sankranti,10-01-2024,16-01-2024,1375,1155,-4,-220
5760fd,STCBE-1,CAMP_SAN_01,P13,350,BOGOF,87,346,Atliq_High_Glo_15W_LED_Bulb,Home Appliances,Coimbatore,Sankranti,10-01-2024,16-01-2024,30450,121100,259,90650
715baf,STHYD-3,CAMP_DIW_01,P13,350,BOGOF,82,239,Atliq_High_Glo_15W_LED_Bulb,Home Appliances,Hyderabad,Diwali,12-11-2023,18-11-2023,28700,83650,157,54950
d04bc1,STCBE-0,CAMP_SAN_01,P09,90,25% OFF,49,46,Atliq_Body_Milk_Nourishing_Lotion (120ML),Personal Care,Coimbatore,Sankranti,10-01-2024,16-01-2024,4410,4140,-3,-270
269cec,STBLR-6,CAMP_SAN_01,P02,860,33% OFF,532,813,Atliq_Sonamasuri_Rice (10KG),Grocery & Staples,Bengaluru,Sankranti,10-01-2024,16-01-2024,457520,699180,281,241660
41dc33,STHYD-1,CAMP_SAN_01,P10,50,25% OFF,36,29,Atliq_Cream_Beauty_Bathing_Soap (125GM),Personal Care,Hyderabad,Sankranti,10-01-2024,16-01-2024,1800,1450,-7,-350
420258,STVSK-3,CAMP_SAN_01,P14,1020,BOGOF,54,137,Atliq_waterproof_Immersion_Rod,Home Appliances,Visakhapatnam,Sankranti,10-01-2024,16-01-2024,55080,139740,83,84660
005c46,STCBE-2,CAMP_SAN_01,P05,55,25% OFF,18,15,Atliq_Scrub_Sponge_For_Dishwash,Home Care,Coimbatore,Sankranti,10-01-2024,16-01-2024,990,825,-3,-165
642b50,STMYS-1,CAMP_DIW_01,P14,1020,BOGOF,36,145,Atliq_waterproof_Immersion_Rod,Home Appliances,Mysuru,Diwali,12-11-2023,18-11-2023,36720,147900,109,111180
93118f,STVSK-0,CAMP_SAN_01,P03,200,BOGOF,261,1041,Atliq_Suflower_Oil (1L),Grocery & Staples,Visakhapatnam,Sankranti,10-01-2024,16-01-2024,52200,208200,780,156000
5e0a8c,STBLR-5,CAMP_SAN_01,P12,62,50% OFF,55,77,Atliq_Lime_Cool_Bathing_Bar (125GM),Personal Care,Bengaluru,Sankranti,10-01-2024,16-01-2024,3410,4774,22,1364
8ba5a1,STBLR-6,CAMP_DIW_01,P09,110,50% OFF,84,131,Atliq_Body_Milk_Nourishing_Lotion (120ML),Personal Care,Bengaluru,Diwali,12-11-2023,18-11-2023,9240,14410,47,5170
eb967c,STMYS-1,CAMP_SAN_01,P15,3000,500 Cashback,133,383,Atliq_Home_Essential_8_Product_Combo,Combo1,Mysuru,Sankranti,10-01-2024,16-01-2024,399000,1149000,250,750000
726ac4,STBLR-5,CAMP_SAN_01,P04,370,BOGOF,454,1756,Atliq_Farm_Chakki_Atta (1KG),Grocery & Staples,Bengaluru,Sankranti,10-01-2024,16-01-2024,167980,649720,1302,481740
f8b6ac,STCHE-4,CAMP_DIW_01,P02,860,33% OFF,400,580,Atliq_Sonamasuri_Rice (10KG),Grocery & Staples,Chennai,Diwali,12-11-2023,18-11-2023,344000,498800,180,154800
a83e09,STMDU-3,CAMP_SAN_01,P07,300,BOGOF,22,88,Atliq_Curtains,Home Care,Madurai,Sankranti,10-01-2024,16-01-2024,6600,26400,66,19800
417902,STMDU-0,CAMP_DIW_01,P08,1190,BOGOF,29,116,Atliq_Double_Bedsheet_set,Home Care,Madurai,Diwali,12-11-2023,18-11-2023,34510,138040,87,103530
3100ef,STBLR-5,CAMP_SAN_01,P09,90,25% OFF,67,56,Atliq_Body_Milk_Nourishing_Lotion (120ML),Personal Care,Bengaluru,Sankranti,10-01-2024,16-01-2024,6030,5040,-11,-990
20da13,STBLR-4,CAMP_SAN_01,P07,300,BOGOF,48,185,Atliq_Curtains,Home Care,Bengaluru,Sankranti,10-01-2024,16-01-2024,14400,55500,137,41100
380a4f,STCHE-1,CAMP_DIW_01,P08,1190,BOGOF,45,137,Atliq_Double_Bedsheet_set,Home Care,Chennai,Diwali,12-11-2023,18-11-2023,53550,163030,92,109480
8c13bb,STBLR-5,CAMP_DIW_01,P08,1190,BOGOF,47,159,Atliq_Double_Bedsheet_set,Home Care,Bengaluru,Diwali,12-11-2023,18-11-2023,55930,189210,112,133280
d70dcb,STCBE-4,CAMP_SAN_01,P15,3000,500 Cashback,90,146,Atliq_Home_Essential_8_Product_Combo,Combo1,Coimbatore,Sankranti,10-01-2024,16-01-2024,270000,438000,56,168000
367337,STCHE-6,CAMP_SAN_01,P09,90,25% OFF,81,60,Atliq_Body_Milk_Nourishing_Lotion (120ML),Personal Care,Chennai,Sankranti,10-01-2024,16-01-2024,7290,5400,-21,-1890
ff3c54,STCHE-3,CAMP_SAN_01,P05,55,25% OFF,24,19,Atliq_Scrub_Sponge_For_Dishwash,Home Care,Chennai,Sankranti,10-01-2024,16-01-2024,1320,1045,-5,-275
bae5cb,STVSK-3,CAMP_SAN_01,P11,190,50% OFF,34,39,Atliq_Doodh_Kesar_Body_Lotion (200ML),Personal Care,Visakhapatnam,Sankranti,10-01-2024,16-01-2024,6460,7410,5,950
23ef05,STVSK-0,CAMP_DIW_01,P12,62,50% OFF,78,121,Atliq_Lime_Cool_Bathing_Bar (125GM),Personal Care,Visakhapatnam,Diwali,12-11-2023,18-11-2023,4836,7502,43,2666
49057f,STHYD-0,CAMP_SAN_01,P15,3000,500 Cashback,121,274,Atliq_Home_Essential_8_Product_Combo,Combo1,Hyderabad,Sankranti,10-01-2024,16-01-2024,363000,822000,153,459000
f3de30,STMLR-1,CAMP_SAN_01,P12,62,50% OFF,31,45,Atliq_Lime_Cool_Bathing_Bar (125GM),Personal Care,Mangalore,Sankranti,10-01-2024,16-01-2024,1922,2790,14,868
ac0b1c,STMYS-3,CAMP_SAN_01,P14,1020,BOGOF,78,331,Atliq_waterproof_Immersion_Rod,Home Appliances,Mysuru,Sankranti,10-01-2024,16-01-2024,79560,337620,253,258060
75c3a0,STBLR-0,CAMP_DIW_01,P13,350,BOGOF,73,282,Atliq_High_Glo_15W_LED_Bulb,Home Appliances,Bengaluru,Diwali,12-11-2023,18-11-2023,25550,98700,209,73150
5715c0,STVSK-1,CAMP_SAN_01,P12,62,50% OFF,46,66,Atliq_Lime_Cool_Bathing_Bar (125GM),Personal Care,Visakhapatnam,Sankranti,10-01-2024,16-01-2024,2852,4092,20,1240
e5db3d,STCBE-0,CAMP_DIW_01,P08,1190,BOGOF,29,98,Atliq_Double_Bedsheet_set,Home Care,Coimbatore,Diwali,12-11-2023,18-11-2023,34510,116620,69,82110
ef61c6,STHYD-2,CAMP_SAN_01,P07,300,BOGOF,48,188,Atliq_Curtains,Home Care,Hyderabad,Sankranti,10-01-2024,16-01-2024,14400,56400,140,42000
0eb526,STMLR-0,CAMP_DIW_01,P07,300,BOGOF,38,113,Atliq_Curtains,Home Care,Mangalore,Diwali,12-11-2023,18-11-2023,11400,33900,75,22500
eb8939,STBLR-9,CAMP_DIW_01,P06,415,25% OFF,91,89,Atliq_Fusion_Container_Set_of_3,Home Care,Bengaluru,Diwali,12-11-2023,18-11-2023,37765,36935,-2,-830
316cd1,STMYS-2,CAMP_SAN_01,P07,300,BOGOF,45,122,Atliq_Curtains,Home Care,Mysuru,Sankranti,10-01-2024,16-01-2024,13500,36600,77,23100
5a94d6,STVSK-0,CAMP_DIW_01,P06,415,25% OFF,64,58,Atliq_Fusion_Container_Set_of_3,Home Care,Visakhapatnam,Diwali,12-11-2023,18-11-2023,26560,24070,-6,-2490
ff8f10,STMDU-0,CAMP_SAN_01,P11,190,50% OFF,34,47,Atliq_Doodh_Kesar_Body_Lotion (200ML),Personal Care,Madurai,Sankranti,10-01-2024,16-01-2024,6460,8930,13,2470
9ff8d2,STBLR-1,CAMP_DIW_01,P06,415,25% OFF,87,82,Atliq_Fusion_Container_Set_of_3,Home Care,Bengaluru,Diwali,12-11-2023,18-11-2023,36105,34030,-5,-2075
0c0926,STMDU-3,CAMP_DIW_01,P08,1190,BOGOF,26,91,Atliq_Double_Bedsheet_set,Home Care,Madurai,Diwali,12-11-2023,18-11-2023,30940,108290,65,77350
252235,STHYD-4,CAMP_DIW_01,P07,300,BOGOF,64,223,Atliq_Curtains,Home Care,Hyderabad,Diwali,12-11-2023,18-11-2023,19200,66900,159,47700
41d6bd,STCHE-1,CAMP_SAN_01,P03,200,BOGOF,424,1127,Atliq_Suflower_Oil (1L),Grocery & Staples,Chennai,Sankranti,10-01-2024,16-01-2024,84800,225400,703,140600
73c8f5,STVSK-3,CAMP_DIW_01,P01,172,33% OFF,229,293,Atliq_Masoor_Dal (1KG),Grocery & Staples,Visakhapatnam,Diwali,12-11-2023,18-11-2023,39388,50396,64,11008
1f0eaf,STBLR-6,CAMP_SAN_01,P15,3000,500 Cashback,147,385,Atliq_Home_Essential_8_Product_Combo,Combo1,Bengaluru,Sankranti,10-01-2024,16-01-2024,441000,1155000,238,714000
bb62b3,STHYD-6,CAMP_SAN_01,P03,200,BOGOF,378,1459,Atliq_Suflower_Oil (1L),Grocery & Staples,Hyderabad,Sankranti,10-01-2024,16-01-2024,75600,291800,1081,216200
6c43b6,STMLR-1,CAMP_DIW_01,P07,300,BOGOF,29,97,Atliq_Curtains,Home Care,Mangalore,Diwali,12-11-2023,18-11-2023,8700,29100,68,20400
86ec8d,STMDU-3,CAMP_SAN_01,P04,370,BOGOF,303,1172,Atliq_Farm_Chakki_Atta (1KG),Grocery & Staples,Madurai,Sankranti,10-01-2024,16-01-2024,112110,433640,869,321530
35463c,STCBE-0,CAMP_DIW_01,P04,290,25% OFF,211,202,Atliq_Farm_Chakki_Atta (1KG),Grocery & Staples,Coimbatore,Diwali,12-11-2023,18-11-2023,61190,58580,-9,-2610
95f061,STMYS-3,CAMP_SAN_01,P15,3000,500 Cashback,160,443,Atliq_Home_Essential_8_Product_Combo,Combo1,Mysuru,Sankranti,10-01-2024,16-01-2024,480000,1329000,283,849000
693b77,STMLR-0,CAMP_DIW_01,P12,62,50% OFF,70,88,Atliq_Lime_Cool_Bathing_Bar (125GM),Personal Care,Mangalore,Diwali,12-11-2023,18-11-2023,4340,5456,18,1116
4ca50a,STHYD-3,CAMP_DIW_01,P08,1190,BOGOF,50,156,Atliq_Double_Bedsheet_set,Home Care,Hyderabad,Diwali,12-11-2023,18-11-2023,59500,185640,106,126140
01b425,STMYS-3,CAMP_DIW_01,P09,110,50% OFF,68,76,Atliq_Body_Milk_Nourishing_Lotion (120ML),Personal Care,Mysuru,Diwali,12-11-2023,18-11-2023,7480,8360,8,880
d3d442,STBLR-5,CAMP_SAN_01,P15,3000,500 Cashback,166,396,Atliq_Home_Essential_8_Product_Combo,Combo1,Bengaluru,Sankranti,10-01-2024,16-01-2024,498000,1188000,230,690000
b17f27,STCBE-0,CAMP_DIW_01,P06,415,25% OFF,59,56,Atliq_Fusion_Container_Set_of_3,Home Care,Coimbatore,Diwali,12-11-2023,18-11-2023,24485,23240,-3,-1245
be6ab1,STCHE-4,CAMP_SAN_01,P09,90,25% OFF,73,60,Atliq_Body_Milk_Nourishing_Lotion (120ML),Personal Care,Chennai,Sankranti,10-01-2024,16-01-2024,6570,5400,-13,-1170
cf0ccd,STVSK-1,CAMP_DIW_01,P08,1190,BOGOF,35,117,Atliq_Double_Bedsheet_set,Home Care,Visakhapatnam,Diwali,12-11-2023,18-11-2023,41650,139230,82,97580
d7798b,STMYS-2,CAMP_SAN_01,P02,860,33% OFF,484,677,Atliq_Sonamasuri_Rice (10KG),Grocery & Staples,Mysuru,Sankranti,10-01-2024,16-01-2024,416240,582220,193,165980
e93b62,STCHE-2,CAMP_SAN_01,P04,370,BOGOF,513,2067,Atliq_Farm_Chakki_Atta (1KG),Grocery & Staples,Chennai,Sankranti,10-01-2024,16-01-2024,189810,764790,1554,574980
65f085,STCHE-4,CAMP_SAN_01,P12,62,50% OFF,60,87,Atliq_Lime_Cool_Bathing_Bar (125GM),Personal Care,Chennai,Sankranti,10-01-2024,16-01-2024,3720,5394,27,1674
39d354,STMYS-0,CAMP_DIW_01,P06,415,25% OFF,57,49,Atliq_Fusion_Container_Set_of_3,Home Care,Mysuru,Diwali,12-11-2023,18-11-2023,23655,20335,-8,-3320
90f2d8,STMDU-2,CAMP_DIW_01,P10,65,50% OFF,61,71,Atliq_Cream_Beauty_Bathing_Soap (125GM),Personal Care,Madurai,Diwali,12-11-2023,18-11-2023,3965,4615,10,650
d04c7f,STBLR-9,CAMP_SAN_01,P07,300,BOGOF,40,159,Atliq_Curtains,Home Care,Bengaluru,Sankranti,10-01-2024,16-01-2024,12000,47700,119,35700
7b51be,STCHE-5,CAMP_SAN_01,P04,370,BOGOF,403,1587,Atliq_Farm_Chakki_Atta (1KG),Grocery & Staples,Chennai,Sankranti,10-01-2024,16-01-2024,149110,587190,1184,438080
68c31e,STBLR-7,CAMP_SAN_01,P08,1190,BOGOF,54,235,Atliq_Double_Bedsheet_set,Home Care,Bengaluru,Sankranti,10-01-2024,16-01-2024,64260,279650,181,215390
b6233e,STMLR-2,CAMP_DIW_01,P01,172,33% OFF,175,222,Atliq_Masoor_Dal (1KG),Grocery & Staples,Mangalore,Diwali,12-11-2023,18-11-2023,30100,38184,47,8084
4b411a,STVJD-0,CAMP_DIW_01,P15,3000,500 Cashback,218,673,Atliq_Home_Essential_8_Product_Combo,Combo1,Vijayawada,Diwali,12-11-2023,18-11-2023,654000,2019000,455,1365000
dd9914,STVSK-1,CAMP_DIW_01,P10,65,50% OFF,98,132,Atliq_Cream_Beauty_Bathing_Soap (125GM),Personal Care,Visakhapatnam,Diwali,12-11-2023,18-11-2023,6370,8580,34,2210
874377,STHYD-3,CAMP_DIW_01,P02,860,33% OFF,365,616,Atliq_Sonamasuri_Rice (10KG),Grocery & Staples,Hyderabad,Diwali,12-11-2023,18-11-2023,313900,529760,251,215860
7.83E+87,STMDU-3,CAMP_DIW_01,P14,1020,BOGOF,31,108,Atliq_waterproof_Immersion_Rod,Home Appliances,Madurai,Diwali,12-11-2023,18-11-2023,31620,110160,77,78540
6a1564,STMDU-3,CAMP_DIW_01,P15,3000,500 Cashback,334,1022,Atliq_Home_Essential_8_Product_Combo,Combo1,Madurai,Diwali,12-11-2023,18-11-2023,1002000,3066000,688,2064000
ac0b82,STMYS-0,CAMP_DIW_01,P04,290,25% OFF,234,205,Atliq_Farm_Chakki_Atta (1KG),Grocery & Staples,Mysuru,Diwali,12-11-2023,18-11-2023,67860,59450,-29,-8410
19d7b5,STMYS-1,CAMP_SAN_01,P03,200,BOGOF,382,1596,Atliq_Suflower_Oil (1L),Grocery & Staples,Mysuru,Sankranti,10-01-2024,16-01-2024,76400,319200,1214,242800
9d7bd2,STCHE-5,CAMP_DIW_01,P03,156,25% OFF,413,375,Atliq_Suflower_Oil (1L),Grocery & Staples,Chennai,Diwali,12-11-2023,18-11-2023,64428,58500,-38,-5928
17edbc,STMYS-1,CAMP_DIW_01,P03,156,25% OFF,281,230,Atliq_Suflower_Oil (1L),Grocery & Staples,Mysuru,Diwali,12-11-2023,18-11-2023,43836,35880,-51,-7956
38bf1b,STCHE-1,CAMP_SAN_01,P05,55,25% OFF,30,25,Atliq_Scrub_Sponge_For_Dishwash,Home Care,Chennai,Sankranti,10-01-2024,16-01-2024,1650,1375,-5,-275
4cc388,STBLR-7,CAMP_SAN_01,P02,860,33% OFF,526,799,Atliq_Sonamasuri_Rice (10KG),Grocery & Staples,Bengaluru,Sankranti,10-01-2024,16-01-2024,452360,687140,273,234780
c115da,STCHE-2,CAMP_DIW_01,P13,350,BOGOF,84,293,Atliq_High_Glo_15W_LED_Bulb,Home Appliances,Chennai,Diwali,12-11-2023,18-11-2023,29400,102550,209,73150
1271,STCBE-2,CAMP_SAN_01,P13,350,BOGOF,121,500,Atliq_High_Glo_15W_LED_Bulb,Home Appliances,Coimbatore,Sankranti,10-01-2024,16-01-2024,42350,175000,379,132650
3bf731,STVSK-3,CAMP_SAN_01,P04,370,BOGOF,265,673,Atliq_Farm_Chakki_Atta (1KG),Grocery & Staples,Visakhapatnam,Sankranti,10-01-2024,16-01-2024,98050,249010,408,150960
07e4ea,STHYD-6,CAMP_SAN_01,P04,370,BOGOF,486,1890,Atliq_Farm_Chakki_Atta (1KG),Grocery & Staples,Hyderabad,Sankranti,10-01-2024,16-01-2024,179820,699300,1404,519480
a1ef43,STTRV-1,CAMP_SAN_01,P12,62,50% OFF,27,38,Atliq_Lime_Cool_Bathing_Bar (125GM),Personal Care,Trivandrum,Sankranti,10-01-2024,16-01-2024,1674,2356,11,682
1cfaa8,STBLR-2,CAMP_SAN_01,P08,1190,BOGOF,43,166,Atliq_Double_Bedsheet_set,Home Care,Bengaluru,Sankranti,10-01-2024,16-01-2024,51170,197540,123,146370
2eb400,STBLR-5,CAMP_SAN_01,P07,300,BOGOF,52,207,Atliq_Curtains,Home Care,Bengaluru,Sankranti,10-01-2024,16-01-2024,15600,62100,155,46500
cd3392,STCHE-6,CAMP_SAN_01,P07,300,BOGOF,31,123,Atliq_Curtains,Home Care,Chennai,Sankranti,10-01-2024,16-01-2024,9300,36900,92,27600
141d98,STCHE-4,CAMP_SAN_01,P03,200,BOGOF,387,1695,Atliq_Suflower_Oil (1L),Grocery & Staples,Chennai,Sankranti,10-01-2024,16-01-2024,77400,339000,1308,261600
e74698,STBLR-5,CAMP_DIW_01,P14,1020,BOGOF,43,144,Atliq_waterproof_Immersion_Rod,Home Appliances,Bengaluru,Diwali,12-11-2023,18-11-2023,43860,146880,101,103020
512d92,STCHE-4,CAMP_DIW_01,P09,110,50% OFF,87,115,Atliq_Body_Milk_Nourishing_Lotion (120ML),Personal Care,Chennai,Diwali,12-11-2023,18-11-2023,9570,12650,28,3080
ce3c11,STHYD-4,CAMP_DIW_01,P14,1020,BOGOF,52,176,Atliq_waterproof_Immersion_Rod,Home Appliances,Hyderabad,Diwali,12-11-2023,18-11-2023,53040,179520,124,126480
6.20E+94,STMYS-0,CAMP_SAN_01,P08,1190,BOGOF,48,129,Atliq_Double_Bedsheet_set,Home Care,Mysuru,Sankranti,10-01-2024,16-01-2024,57120,153510,81,96390
315542,STVJD-1,CAMP_SAN_01,P03,200,BOGOF,183,710,Atliq_Suflower_Oil (1L),Grocery & Staples,Vijayawada,Sankranti,10-01-2024,16-01-2024,36600,142000,527,105400
42a404,STCBE-1,CAMP_SAN_01,P12,62,50% OFF,42,48,Atliq_Lime_Cool_Bathing_Bar (125GM),Personal Care,Coimbatore,Sankranti,10-01-2024,16-01-2024,2604,2976,6,372
7a2a47,STBLR-7,CAMP_DIW_01,P07,300,BOGOF,64,254,Atliq_Curtains,Home Care,Bengaluru,Diwali,12-11-2023,18-11-2023,19200,76200,190,57000
ad9ba5,STHYD-5,CAMP_DIW_01,P01,172,33% OFF,337,485,Atliq_Masoor_Dal (1KG),Grocery & Staples,Hyderabad,Diwali,12-11-2023,18-11-2023,57964,83420,148,25456
3080c6,STVSK-4,CAMP_DIW_01,P14,1020,BOGOF,38,114,Atliq_waterproof_Immersion_Rod,Home Appliances,Visakhapatnam,Diwali,12-11-2023,18-11-2023,38760,116280,76,77520
c11cad,STMYS-2,CAMP_SAN_01,P09,90,25% OFF,61,50,Atliq_Body_Milk_Nourishing_Lotion (120ML),Personal Care,Mysuru,Sankranti,10-01-2024,16-01-2024,5490,4500,-11,-990
8a219d,STBLR-8,CAMP_DIW_01,P08,1190,BOGOF,64,218,Atliq_Double_Bedsheet_set,Home Care,Bengaluru,Diwali,12-11-2023,18-11-2023,76160,259420,154,183260
3ec68b,STBLR-1,CAMP_DIW_01,P09,110,50% OFF,73,95,Atliq_Body_Milk_Nourishing_Lotion (120ML),Personal Care,Bengaluru,Diwali,12-11-2023,18-11-2023,8030,10450,22,2420
0690d9,STHYD-3,CAMP_DIW_01,P15,3000,500 Cashback,418,1082,Atliq_Home_Essential_8_Product_Combo,Combo1,Hyderabad,Diwali,12-11-2023,18-11-2023,1254000,3246000,664,1992000
c7f28c,STBLR-0,CAMP_SAN_01,P15,3000,500 Cashback,144,374,Atliq_Home_Essential_8_Product_Combo,Combo1,Bengaluru,Sankranti,10-01-2024,16-01-2024,432000,1122000,230,690000
94102d,STBLR-4,CAMP_SAN_01,P12,62,50% OFF,64,92,Atliq_Lime_Cool_Bathing_Bar (125GM),Personal Care,Bengaluru,Sankranti,10-01-2024,16-01-2024,3968,5704,28,1736
74657,STMLR-0,CAMP_DIW_01,P02,860,33% OFF,194,271,Atliq_Sonamasuri_Rice (10KG),Grocery & Staples,Mangalore,Diwali,12-11-2023,18-11-2023,166840,233060,77,66220
f46036,STVSK-4,CAMP_DIW_01,P13,350,BOGOF,61,178,Atliq_High_Glo_15W_LED_Bulb,Home Appliances,Visakhapatnam,Diwali,12-11-2023,18-11-2023,21350,62300,117,40950
c74866,STBLR-5,CAMP_DIW_01,P10,65,50% OFF,115,151,Atliq_Cream_Beauty_Bathing_Soap (125GM),Personal Care,Bengaluru,Diwali,12-11-2023,18-11-2023,7475,9815,36,2340
ab6327,STHYD-1,CAMP_SAN_01,P04,370,BOGOF,444,1123,Atliq_Farm_Chakki_Atta (1KG),Grocery & Staples,Hyderabad,Sankranti,10-01-2024,16-01-2024,164280,415510,679,251230
41cb8f,STBLR-6,CAMP_DIW_01,P03,156,25% OFF,402,353,Atliq_Suflower_Oil (1L),Grocery & Staples,Bengaluru,Diwali,12-11-2023,18-11-2023,62712,55068,-49,-7644
9a13a5,STHYD-4,CAMP_DIW_01,P11,190,50% OFF,82,107,Atliq_Doodh_Kesar_Body_Lotion (200ML),Personal Care,Hyderabad,Diwali,12-11-2023,18-11-2023,15580,20330,25,4750
cac6b5,STCBE-4,CAMP_SAN_01,P11,190,50% OFF,28,39,Atliq_Doodh_Kesar_Body_Lotion (200ML),Personal Care,Coimbatore,Sankranti,10-01-2024,16-01-2024,5320,7410,11,2090
2c0a90,STMDU-2,CAMP_SAN_01,P12,62,50% OFF,36,42,Atliq_Lime_Cool_Bathing_Bar (125GM),Personal Care,Madurai,Sankranti,10-01-2024,16-01-2024,2232,2604,6,372
7a9ebd,STTRV-0,CAMP_DIW_01,P11,190,50% OFF,33,42,Atliq_Doodh_Kesar_Body_Lotion (200ML),Personal Care,Trivandrum,Diwali,12-11-2023,18-11-2023,6270,7980,9,1710
19352c,STBLR-4,CAMP_SAN_01,P02,860,33% OFF,501,701,Atliq_Sonamasuri_Rice (10KG),Grocery & Staples,Bengaluru,Sankranti,10-01-2024,16-01-2024,430860,602860,200,172000
415f7e,STVSK-2,CAMP_SAN_01,P07,300,BOGOF,24,93,Atliq_Curtains,Home Care,Visakhapatnam,Sankranti,10-01-2024,16-01-2024,7200,27900,69,20700
5c7b20,STCBE-4,CAMP_DIW_01,P05,55,25% OFF,101,89,Atliq_Scrub_Sponge_For_Dishwash,Home Care,Coimbatore,Diwali,12-11-2023,18-11-2023,5555,4895,-12,-660
c6693c,STBLR-1,CAMP_SAN_01,P04,370,BOGOF,413,1102,Atliq_Farm_Chakki_Atta (1KG),Grocery & Staples,Bengaluru,Sankranti,10-01-2024,16-01-2024,152810,407740,689,254930
0f750a,STBLR-0,CAMP_SAN_01,P02,860,33% OFF,451,613,Atliq_Sonamasuri_Rice (10KG),Grocery & Staples,Bengaluru,Sankranti,10-01-2024,16-01-2024,387860,527180,162,139320
d31554,STMDU-2,CAMP_DIW_01,P05,55,25% OFF,80,70,Atliq_Scrub_Sponge_For_Dishwash,Home Care,Madurai,Diwali,12-11-2023,18-11-2023,4400,3850,-10,-550
7151bb,STBLR-6,CAMP_DIW_01,P13,350,BOGOF,98,372,Atliq_High_Glo_15W_LED_Bulb,Home Appliances,Bengaluru,Diwali,12-11-2023,18-11-2023,34300,130200,274,95900
8f9cc5,STMLR-1,CAMP_DIW_01,P08,1190,BOGOF,29,100,Atliq_Double_Bedsheet_set,Home Care,Mangalore,Diwali,12-11-2023,18-11-2023,34510,119000,71,84490
d81627,STCBE-2,CAMP_SAN_01,P04,370,BOGOF,355,1508,Atliq_Farm_Chakki_Atta (1KG),Grocery & Staples,Coimbatore,Sankranti,10-01-2024,16-01-2024,131350,557960,1153,426610
6e5da9,STVJD-0,CAMP_SAN_01,P11,190,50% OFF,25,35,Atliq_Doodh_Kesar_Body_Lotion (200ML),Personal Care,Vijayawada,Sankranti,10-01-2024,16-01-2024,4750,6650,10,1900
6e412f,STBLR-7,CAMP_SAN_01,P06,415,25% OFF,34,28,Atliq_Fusion_Container_Set_of_3,Home Care,Bengaluru,Sankranti,10-01-2024,16-01-2024,14110,11620,-6,-2490
b110d3,STCBE-3,CAMP_SAN_01,P06,415,25% OFF,18,14,Atliq_Fusion_Container_Set_of_3,Home Care,Coimbatore,Sankranti,10-01-2024,16-01-2024,7470,5810,-4,-1660
c2ee4f,STVSK-3,CAMP_SAN_01,P13,350,BOGOF,58,148,Atliq_High_Glo_15W_LED_Bulb,Home Appliances,Visakhapatnam,Sankranti,10-01-2024,16-01-2024,20300,51800,90,31500
e45c30,STMDU-1,CAMP_DIW_01,P06,415,25% OFF,70,63,Atliq_Fusion_Container_Set_of_3,Home Care,Madurai,Diwali,12-11-2023,18-11-2023,29050,26145,-7,-2905
353060,STBLR-7,CAMP_SAN_01,P11,190,50% OFF,45,73,Atliq_Doodh_Kesar_Body_Lotion (200ML),Personal Care,Bengaluru,Sankranti,10-01-2024,16-01-2024,8550,13870,28,5320
461ad4,STTRV-1,CAMP_DIW_01,P09,110,50% OFF,42,55,Atliq_Body_Milk_Nourishing_Lotion (120ML),Personal Care,Trivandrum,Diwali,12-11-2023,18-11-2023,4620,6050,13,1430
cbf0ad,STCHE-6,CAMP_SAN_01,P03,200,BOGOF,358,1410,Atliq_Suflower_Oil (1L),Grocery & Staples,Chennai,Sankranti,10-01-2024,16-01-2024,71600,282000,1052,210400
207744,STBLR-0,CAMP_SAN_01,P12,62,50% OFF,52,75,Atliq_Lime_Cool_Bathing_Bar (125GM),Personal Care,Bengaluru,Sankranti,10-01-2024,16-01-2024,3224,4650,23,1426
ff02ae,STCBE-3,CAMP_DIW_01,P11,190,50% OFF,66,102,Atliq_Doodh_Kesar_Body_Lotion (200ML),Personal Care,Coimbatore,Diwali,12-11-2023,18-11-2023,12540,19380,36,6840
6cb844,STBLR-3,CAMP_SAN_01,P10,50,25% OFF,28,21,Atliq_Cream_Beauty_Bathing_Soap (125GM),Personal Care,Bengaluru,Sankranti,10-01-2024,16-01-2024,1400,1050,-7,-350
2b41a0,STBLR-3,CAMP_SAN_01,P02,860,33% OFF,450,634,Atliq_Sonamasuri_Rice (10KG),Grocery & Staples,Bengaluru,Sankranti,10-01-2024,16-01-2024,387000,545240,184,158240
a50d87,STCBE-3,CAMP_DIW_01,P10,65,50% OFF,82,122,Atliq_Cream_Beauty_Bathing_Soap (125GM),Personal Care,Coimbatore,Diwali,12-11-2023,18-11-2023,5330,7930,40,2600
18810a,STMYS-1,CAMP_DIW_01,P02,860,33% OFF,395,711,Atliq_Sonamasuri_Rice (10KG),Grocery & Staples,Mysuru,Diwali,12-11-2023,18-11-2023,339700,611460,316,271760
608271,STMDU-0,CAMP_SAN_01,P15,3000,500 Cashback,122,342,Atliq_Home_Essential_8_Product_Combo,Combo1,Madurai,Sankranti,10-01-2024,16-01-2024,366000,1026000,220,660000
edacb9,STCHE-3,CAMP_DIW_01,P10,65,50% OFF,119,154,Atliq_Cream_Beauty_Bathing_Soap (125GM),Personal Care,Chennai,Diwali,12-11-2023,18-11-2023,7735,10010,35,2275
ce95b1,STCHE-2,CAMP_DIW_01,P12,62,50% OFF,119,138,Atliq_Lime_Cool_Bathing_Bar (125GM),Personal Care,Chennai,Diwali,12-11-2023,18-11-2023,7378,8556,19,1178
6ae240,STBLR-4,CAMP_SAN_01,P13,350,BOGOF,94,371,Atliq_High_Glo_15W_LED_Bulb,Home Appliances,Bengaluru,Sankranti,10-01-2024,16-01-2024,32900,129850,277,96950
e2f6b2,STCHE-1,CAMP_DIW_01,P15,3000,500 Cashback,316,859,Atliq_Home_Essential_8_Product_Combo,Combo1,Chennai,Diwali,12-11-2023,18-11-2023,948000,2577000,543,1629000
6b0ee6,STMDU-1,CAMP_DIW_01,P07,300,BOGOF,47,157,Atliq_Curtains,Home Care,Madurai,Diwali,12-11-2023,18-11-2023,14100,47100,110,33000
0aefa5,STVSK-3,CAMP_SAN_01,P06,415,25% OFF,33,27,Atliq_Fusion_Container_Set_of_3,Home Care,Visakhapatnam,Sankranti,10-01-2024,16-01-2024,13695,11205,-6,-2490
0f3f34,STCHE-1,CAMP_DIW_01,P06,415,25% OFF,99,87,Atliq_Fusion_Container_Set_of_3,Home Care,Chennai,Diwali,12-11-2023,18-11-2023,41085,36105,-12,-4980
ed7b12,STVSK-0,CAMP_SAN_01,P10,50,25% OFF,16,13,Atliq_Cream_Beauty_Bathing_Soap (125GM),Personal Care,Visakhapatnam,Sankranti,10-01-2024,16-01-2024,800,650,-3,-150
debbd7,STCBE-0,CAMP_SAN_01,P11,190,50% OFF,45,72,Atliq_Doodh_Kesar_Body_Lotion (200ML),Personal Care,Coimbatore,Sankranti,10-01-2024,16-01-2024,8550,13680,27,5130
2b8abd,STCHE-2,CAMP_SAN_01,P14,1020,BOGOF,105,407,Atliq_waterproof_Immersion_Rod,Home Appliances,Chennai,Sankranti,10-01-2024,16-01-2024,107100,415140,302,308040
0da7fd,STVSK-0,CAMP_SAN_01,P02,860,33% OFF,408,632,Atliq_Sonamasuri_Rice (10KG),Grocery & Staples,Visakhapatnam,Sankranti,10-01-2024,16-01-2024,350880,543520,224,192640
d58c29,STVSK-2,CAMP_SAN_01,P08,1190,BOGOF,27,107,Atliq_Double_Bedsheet_set,Home Care,Visakhapatnam,Sankranti,10-01-2024,16-01-2024,32130,127330,80,95200
861506,STCHE-6,CAMP_DIW_01,P03,156,25% OFF,334,260,Atliq_Suflower_Oil (1L),Grocery & Staples,Chennai,Diwali,12-11-2023,18-11-2023,52104,40560,-74,-11544
fd48ff,STCBE-0,CAMP_SAN_01,P04,370,BOGOF,367,1423,Atliq_Farm_Chakki_Atta (1KG),Grocery & Staples,Coimbatore,Sankranti,10-01-2024,16-01-2024,135790,526510,1056,390720
7912c8,STVSK-3,CAMP_SAN_01,P05,55,25% OFF,19,15,Atliq_Scrub_Sponge_For_Dishwash,Home Care,Visakhapatnam,Sankranti,10-01-2024,16-01-2024,1045,825,-4,-220
1768c2,STHYD-0,CAMP_DIW_01,P02,860,33% OFF,367,601,Atliq_Sonamasuri_Rice (10KG),Grocery & Staples,Hyderabad,Diwali,12-11-2023,18-11-2023,315620,516860,234,201240
61089e,STHYD-5,CAMP_SAN_01,P04,370,BOGOF,412,1615,Atliq_Farm_Chakki_Atta (1KG),Grocery & Staples,Hyderabad,Sankranti,10-01-2024,16-01-2024,152440,597550,1203,445110
e5e244,STBLR-5,CAMP_DIW_01,P02,860,33% OFF,351,526,Atliq_Sonamasuri_Rice (10KG),Grocery & Staples,Bengaluru,Diwali,12-11-2023,18-11-2023,301860,452360,175,150500
1f8bc3,STCBE-2,CAMP_DIW_01,P01,172,33% OFF,190,313,Atliq_Masoor_Dal (1KG),Grocery & Staples,Coimbatore,Diwali,12-11-2023,18-11-2023,32680,53836,123,21156
5.00E+300,STVJD-1,CAMP_DIW_01,P14,1020,BOGOF,24,80,Atliq_waterproof_Immersion_Rod,Home Appliances,Vijayawada,Diwali,12-11-2023,18-11-2023,24480,81600,56,57120
e8d896,STCHE-1,CAMP_SAN_01,P10,50,25% OFF,40,33,Atliq_Cream_Beauty_Bathing_Soap (125GM),Personal Care,Chennai,Sankranti,10-01-2024,16-01-2024,2000,1650,-7,-350
2dd3f7,STHYD-4,CAMP_DIW_01,P03,156,25% OFF,341,327,Atliq_Suflower_Oil (1L),Grocery & Staples,Hyderabad,Diwali,12-11-2023,18-11-2023,53196,51012,-14,-2184
b7db9e,STHYD-4,CAMP_DIW_01,P05,55,25% OFF,106,101,Atliq_Scrub_Sponge_For_Dishwash,Home Care,Hyderabad,Diwali,12-11-2023,18-11-2023,5830,5555,-5,-275
13d333,STCHE-7,CAMP_SAN_01,P01,172,33% OFF,256,358,Atliq_Masoor_Dal (1KG),Grocery & Staples,Chennai,Sankranti,10-01-2024,16-01-2024,44032,61576,102,17544
77435f,STBLR-3,CAMP_SAN_01,P01,172,33% OFF,277,387,Atliq_Masoor_Dal (1KG),Grocery & Staples,Bengaluru,Sankranti,10-01-2024,16-01-2024,47644,66564,110,18920
3181a7,STCBE-1,CAMP_SAN_01,P11,190,50% OFF,28,31,Atliq_Doodh_Kesar_Body_Lotion (200ML),Personal Care,Coimbatore,Sankranti,10-01-2024,16-01-2024,5320,5890,3,570
3ea719,STBLR-7,CAMP_DIW_01,P02,860,33% OFF,336,577,Atliq_Sonamasuri_Rice (10KG),Grocery & Staples,Bengaluru,Diwali,12-11-2023,18-11-2023,288960,496220,241,207260
3d8361,STMYS-1,CAMP_DIW_01,P08,1190,BOGOF,47,184,Atliq_Double_Bedsheet_set,Home Care,Mysuru,Diwali,12-11-2023,18-11-2023,55930,218960,137,163030
0d853d,STHYD-4,CAMP_SAN_01,P02,860,33% OFF,594,819,Atliq_Sonamasuri_Rice (10KG),Grocery & Staples,Hyderabad,Sankranti,10-01-2024,16-01-2024,510840,704340,225,193500
4d9f1a,STCBE-1,CAMP_DIW_01,P09,110,50% OFF,59,69,Atliq_Body_Milk_Nourishing_Lotion (120ML),Personal Care,Coimbatore,Diwali,12-11-2023,18-11-2023,6490,7590,10,1100
ea384f,STBLR-7,CAMP_SAN_01,P10,50,25% OFF,40,33,Atliq_Cream_Beauty_Bathing_Soap (125GM),Personal Care,Bengaluru,Sankranti,10-01-2024,16-01-2024,2000,1650,-7,-350
9fcb92,STMDU-2,CAMP_DIW_01,P15,3000,500 Cashback,315,976,Atliq_Home_Essential_8_Product_Combo,Combo1,Madurai,Diwali,12-11-2023,18-11-2023,945000,2928000,661,1983000
b97eb0,STBLR-2,CAMP_SAN_01,P11,190,50% OFF,49,68,Atliq_Doodh_Kesar_Body_Lotion (200ML),Personal Care,Bengaluru,Sankranti,10-01-2024,16-01-2024,9310,12920,19,3610
90110c,STHYD-0,CAMP_SAN_01,P04,370,BOGOF,412,1615,Atliq_Farm_Chakki_Atta (1KG),Grocery & Staples,Hyderabad,Sankranti,10-01-2024,16-01-2024,152440,597550,1203,445110
72eed8,STHYD-4,CAMP_DIW_01,P04,290,25% OFF,376,360,Atliq_Farm_Chakki_Atta (1KG),Grocery & Staples,Hyderabad,Diwali,12-11-2023,18-11-2023,109040,104400,-16,-4640
d552e3,STMDU-3,CAMP_SAN_01,P12,62,50% OFF,45,53,Atliq_Lime_Cool_Bathing_Bar (125GM),Personal Care,Madurai,Sankranti,10-01-2024,16-01-2024,2790,3286,8,496
74399f,STMYS-3,CAMP_DIW_01,P13,350,BOGOF,73,282,Atliq_High_Glo_15W_LED_Bulb,Home Appliances,Mysuru,Diwali,12-11-2023,18-11-2023,25550,98700,209,73150
f9b0ef,STVJD-0,CAMP_DIW_01,P05,55,25% OFF,56,54,Atliq_Scrub_Sponge_For_Dishwash,Home Care,Vijayawada,Diwali,12-11-2023,18-11-2023,3080,2970,-2,-110
b838cd,STTRV-1,CAMP_DIW_01,P01,172,33% OFF,147,214,Atliq_Masoor_Dal (1KG),Grocery & Staples,Trivandrum,Diwali,12-11-2023,18-11-2023,25284,36808,67,11524
191614,STMYS-3,CAMP_DIW_01,P10,65,50% OFF,103,109,Atliq_Cream_Beauty_Bathing_Soap (125GM),Personal Care,Mysuru,Diwali,12-11-2023,18-11-2023,6695,7085,6,390
15265d,STCHE-5,CAMP_SAN_01,P12,62,50% OFF,58,65,Atliq_Lime_Cool_Bathing_Bar (125GM),Personal Care,Chennai,Sankranti,10-01-2024,16-01-2024,3596,4030,7,434
166989,STCBE-1,CAMP_SAN_01,P01,172,33% OFF,169,206,Atliq_Masoor_Dal (1KG),Grocery & Staples,Coimbatore,Sankranti,10-01-2024,16-01-2024,29068,35432,37,6364
18f69b,STMLR-2,CAMP_DIW_01,P10,65,50% OFF,61,68,Atliq_Cream_Beauty_Bathing_Soap (125GM),Personal Care,Mangalore,Diwali,12-11-2023,18-11-2023,3965,4420,7,455
2cc7f0,STMDU-3,CAMP_SAN_01,P02,860,33% OFF,457,548,Atliq_Sonamasuri_Rice (10KG),Grocery & Staples,Madurai,Sankranti,10-01-2024,16-01-2024,393020,471280,91,78260
f65a1e,STVSK-4,CAMP_DIW_01,P04,290,25% OFF,255,196,Atliq_Farm_Chakki_Atta (1KG),Grocery & Staples,Visakhapatnam,Diwali,12-11-2023,18-11-2023,73950,56840,-59,-17110
bff226,STCBE-1,CAMP_DIW_01,P06,415,25% OFF,57,44,Atliq_Fusion_Container_Set_of_3,Home Care,Coimbatore,Diwali,12-11-2023,18-11-2023,23655,18260,-13,-5395
d0356d,STCHE-0,CAMP_DIW_01,P08,1190,BOGOF,45,152,Atliq_Double_Bedsheet_set,Home Care,Chennai,Diwali,12-11-2023,18-11-2023,53550,180880,107,127330
262ff3,STVSK-0,CAMP_DIW_01,P13,350,BOGOF,47,161,Atliq_High_Glo_15W_LED_Bulb,Home Appliances,Visakhapatnam,Diwali,12-11-2023,18-11-2023,16450,56350,114,39900
0953d7,STVSK-1,CAMP_SAN_01,P02,860,33% OFF,387,530,Atliq_Sonamasuri_Rice (10KG),Grocery & Staples,Visakhapatnam,Sankranti,10-01-2024,16-01-2024,332820,455800,143,122980
d2a08d,STCHE-5,CAMP_DIW_01,P10,65,50% OFF,141,157,Atliq_Cream_Beauty_Bathing_Soap (125GM),Personal Care,Chennai,Diwali,12-11-2023,18-11-2023,9165,10205,16,1040
d33904,STMYS-3,CAMP_DIW_01,P07,300,BOGOF,59,233,Atliq_Curtains,Home Care,Mysuru,Diwali,12-11-2023,18-11-2023,17700,69900,174,52200
13fd74,STMDU-3,CAMP_DIW_01,P05,55,25% OFF,64,58,Atliq_Scrub_Sponge_For_Dishwash,Home Care,Madurai,Diwali,12-11-2023,18-11-2023,3520,3190,-6,-330
c3ae5a,STBLR-1,CAMP_SAN_01,P11,190,50% OFF,39,55,Atliq_Doodh_Kesar_Body_Lotion (200ML),Personal Care,Bengaluru,Sankranti,10-01-2024,16-01-2024,7410,10450,16,3040
2384f8,STMYS-0,CAMP_DIW_01,P09,110,50% OFF,70,87,Atliq_Body_Milk_Nourishing_Lotion (120ML),Personal Care,Mysuru,Diwali,12-11-2023,18-11-2023,7700,9570,17,1870
14f79d,STVSK-1,CAMP_DIW_01,P04,290,25% OFF,252,196,Atliq_Farm_Chakki_Atta (1KG),Grocery & Staples,Visakhapatnam,Diwali,12-11-2023,18-11-2023,73080,56840,-56,-16240
89bbca,STCBE-4,CAMP_DIW_01,P13,350,BOGOF,42,128,Atliq_High_Glo_15W_LED_Bulb,Home Appliances,Coimbatore,Diwali,12-11-2023,18-11-2023,14700,44800,86,30100
61f82c,STBLR-5,CAMP_DIW_01,P11,190,50% OFF,63,81,Atliq_Doodh_Kesar_Body_Lotion (200ML),Personal Care,Bengaluru,Diwali,12-11-2023,18-11-2023,11970,15390,18,3420
bcad3c,STMDU-0,CAMP_DIW_01,P01,172,33% OFF,201,305,Atliq_Masoor_Dal (1KG),Grocery & Staples,Madurai,Diwali,12-11-2023,18-11-2023,34572,52460,104,17888
2749b0,STCHE-5,CAMP_SAN_01,P11,190,50% OFF,34,39,Atliq_Doodh_Kesar_Body_Lotion (200ML),Personal Care,Chennai,Sankranti,10-01-2024,16-01-2024,6460,7410,5,950
9ce293,STMDU-1,CAMP_SAN_01,P03,200,BOGOF,255,1009,Atliq_Suflower_Oil (1L),Grocery & Staples,Madurai,Sankranti,10-01-2024,16-01-2024,51000,201800,754,150800
93dff2,STBLR-3,CAMP_DIW_01,P03,156,25% OFF,390,308,Atliq_Suflower_Oil (1L),Grocery & Staples,Bengaluru,Diwali,12-11-2023,18-11-2023,60840,48048,-82,-12792
339bf7,STCHE-5,CAMP_DIW_01,P05,55,25% OFF,127,109,Atliq_Scrub_Sponge_For_Dishwash,Home Care,Chennai,Diwali,12-11-2023,18-11-2023,6985,5995,-18,-990
5c8834,STBLR-2,CAMP_SAN_01,P05,55,25% OFF,24,19,Atliq_Scrub_Sponge_For_Dishwash,Home Care,Bengaluru,Sankranti,10-01-2024,16-01-2024,1320,1045,-5,-275
4162d7,STHYD-2,CAMP_DIW_01,P05,55,25% OFF,110,86,Atliq_Scrub_Sponge_For_Dishwash,Home Care,Hyderabad,Diwali,12-11-2023,18-11-2023,6050,4730,-24,-1320
60170c,STHYD-4,CAMP_DIW_01,P08,1190,BOGOF,63,208,Atliq_Double_Bedsheet_set,Home Care,Hyderabad,Diwali,12-11-2023,18-11-2023,74970,247520,145,172550
4fbcf6,STHYD-1,CAMP_SAN_01,P06,415,25% OFF,27,22,Atliq_Fusion_Container_Set_of_3,Home Care,Hyderabad,Sankranti,10-01-2024,16-01-2024,11205,9130,-5,-2075
1f1b71,STMDU-3,CAMP_SAN_01,P01,172,33% OFF,214,267,Atliq_Masoor_Dal (1KG),Grocery & Staples,Madurai,Sankranti,10-01-2024,16-01-2024,36808,45924,53,9116
96a556,STBLR-1,CAMP_DIW_01,P02,860,33% OFF,358,537,Atliq_Sonamasuri_Rice (10KG),Grocery & Staples,Bengaluru,Diwali,12-11-2023,18-11-2023,307880,461820,179,153940
6846a8,STVSK-0,CAMP_DIW_01,P04,290,25% OFF,201,174,Atliq_Farm_Chakki_Atta (1KG),Grocery & Staples,Visakhapatnam,Diwali,12-11-2023,18-11-2023,58290,50460,-27,-7830
0a453f,STMYS-0,CAMP_DIW_01,P03,156,25% OFF,301,264,Atliq_Suflower_Oil (1L),Grocery & Staples,Mysuru,Diwali,12-11-2023,18-11-2023,46956,41184,-37,-5772
fcee36,STMYS-0,CAMP_SAN_01,P12,62,50% OFF,66,92,Atliq_Lime_Cool_Bathing_Bar (125GM),Personal Care,Mysuru,Sankranti,10-01-2024,16-01-2024,4092,5704,26,1612
58ce38,STBLR-3,CAMP_SAN_01,P13,350,BOGOF,118,455,Atliq_High_Glo_15W_LED_Bulb,Home Appliances,Bengaluru,Sankranti,10-01-2024,16-01-2024,41300,159250,337,117950
4a5884,STHYD-0,CAMP_SAN_01,P12,62,50% OFF,57,90,Atliq_Lime_Cool_Bathing_Bar (125GM),Personal Care,Hyderabad,Sankranti,10-01-2024,16-01-2024,3534,5580,33,2046
e7769b,STHYD-5,CAMP_DIW_01,P15,3000,500 Cashback,357,1046,Atliq_Home_Essential_8_Product_Combo,Combo1,Hyderabad,Diwali,12-11-2023,18-11-2023,1071000,3138000,689,2067000
27c86c,STBLR-2,CAMP_DIW_01,P06,415,25% OFF,92,81,Atliq_Fusion_Container_Set_of_3,Home Care,Bengaluru,Diwali,12-11-2023,18-11-2023,38180,33615,-11,-4565
f35446,STTRV-0,CAMP_DIW_01,P09,110,50% OFF,33,43,Atliq_Body_Milk_Nourishing_Lotion (120ML),Personal Care,Trivandrum,Diwali,12-11-2023,18-11-2023,3630,4730,10,1100
4a42f9,STBLR-7,CAMP_DIW_01,P08,1190,BOGOF,49,186,Atliq_Double_Bedsheet_set,Home Care,Bengaluru,Diwali,12-11-2023,18-11-2023,58310,221340,137,163030
9413a7,STHYD-3,CAMP_DIW_01,P11,190,50% OFF,80,124,Atliq_Doodh_Kesar_Body_Lotion (200ML),Personal Care,Hyderabad,Diwali,12-11-2023,18-11-2023,15200,23560,44,8360
b97dfe,STBLR-2,CAMP_DIW_01,P07,300,BOGOF,56,196,Atliq_Curtains,Home Care,Bengaluru,Diwali,12-11-2023,18-11-2023,16800,58800,140,42000
950a84,STBLR-9,CAMP_SAN_01,P11,190,50% OFF,52,73,Atliq_Doodh_Kesar_Body_Lotion (200ML),Personal Care,Bengaluru,Sankranti,10-01-2024,16-01-2024,9880,13870,21,3990
686a37,STBLR-0,CAMP_SAN_01,P14,1020,BOGOF,85,350,Atliq_waterproof_Immersion_Rod,Home Appliances,Bengaluru,Sankranti,10-01-2024,16-01-2024,86700,357000,265,270300
f0500d,STCHE-6,CAMP_DIW_01,P09,110,50% OFF,66,82,Atliq_Body_Milk_Nourishing_Lotion (120ML),Personal Care,Chennai,Diwali,12-11-2023,18-11-2023,7260,9020,16,1760
c16abb,STCHE-7,CAMP_SAN_01,P08,1190,BOGOF,42,186,Atliq_Double_Bedsheet_set,Home Care,Chennai,Sankranti,10-01-2024,16-01-2024,49980,221340,144,171360
581ca5,STMDU-0,CAMP_SAN_01,P13,350,BOGOF,90,371,Atliq_High_Glo_15W_LED_Bulb,Home Appliances,Madurai,Sankranti,10-01-2024,16-01-2024,31500,129850,281,98350
36968d,STMDU-1,CAMP_SAN_01,P02,860,33% OFF,289,404,Atliq_Sonamasuri_Rice (10KG),Grocery & Staples,Madurai,Sankranti,10-01-2024,16-01-2024,248540,347440,115,98900
f8a417,STCBE-4,CAMP_SAN_01,P12,62,50% OFF,37,53,Atliq_Lime_Cool_Bathing_Bar (125GM),Personal Care,Coimbatore,Sankranti,10-01-2024,16-01-2024,2294,3286,16,992
400cab,STCHE-4,CAMP_SAN_01,P02,860,33% OFF,642,918,Atliq_Sonamasuri_Rice (10KG),Grocery & Staples,Chennai,Sankranti,10-01-2024,16-01-2024,552120,789480,276,237360
ef7122,STMLR-1,CAMP_DIW_01,P15,3000,500 Cashback,211,614,Atliq_Home_Essential_8_Product_Combo,Combo1,Mangalore,Diwali,12-11-2023,18-11-2023,633000,1842000,403,1209000
66b476,STBLR-6,CAMP_DIW_01,P10,65,50% OFF,103,160,Atliq_Cream_Beauty_Bathing_Soap (125GM),Personal Care,Bengaluru,Diwali,12-11-2023,18-11-2023,6695,10400,57,3705
5bbf38,STBLR-0,CAMP_DIW_01,P09,110,50% OFF,78,104,Atliq_Body_Milk_Nourishing_Lotion (120ML),Personal Care,Bengaluru,Diwali,12-11-2023,18-11-2023,8580,11440,26,2860
e67501,STVSK-4,CAMP_SAN_01,P13,350,BOGOF,85,215,Atliq_High_Glo_15W_LED_Bulb,Home Appliances,Visakhapatnam,Sankranti,10-01-2024,16-01-2024,29750,75250,130,45500
3.14E+36,STCBE-4,CAMP_DIW_01,P04,290,25% OFF,252,226,Atliq_Farm_Chakki_Atta (1KG),Grocery & Staples,Coimbatore,Diwali,12-11-2023,18-11-2023,73080,65540,-26,-7540
98d4e3,STMLR-2,CAMP_SAN_01,P13,350,BOGOF,70,281,Atliq_High_Glo_15W_LED_Bulb,Home Appliances,Mangalore,Sankranti,10-01-2024,16-01-2024,24500,98350,211,73850
60229b,STCBE-3,CAMP_DIW_01,P01,172,33% OFF,241,404,Atliq_Masoor_Dal (1KG),Grocery & Staples,Coimbatore,Diwali,12-11-2023,18-11-2023,41452,69488,163,28036
35a25f,STBLR-9,CAMP_DIW_01,P11,190,50% OFF,75,98,Atliq_Doodh_Kesar_Body_Lotion (200ML),Personal Care,Bengaluru,Diwali,12-11-2023,18-11-2023,14250,18620,23,4370
4cf56a,STBLR-9,CAMP_DIW_01,P04,290,25% OFF,311,304,Atliq_Farm_Chakki_Atta (1KG),Grocery & Staples,Bengaluru,Diwali,12-11-2023,18-11-2023,90190,88160,-7,-2030
4d3722,STMLR-0,CAMP_DIW_01,P04,290,25% OFF,175,150,Atliq_Farm_Chakki_Atta (1KG),Grocery & Staples,Mangalore,Diwali,12-11-2023,18-11-2023,50750,43500,-25,-7250
5e59a1,STTRV-0,CAMP_SAN_01,P05,55,25% OFF,12,11,Atliq_Scrub_Sponge_For_Dishwash,Home Care,Trivandrum,Sankranti,10-01-2024,16-01-2024,660,605,-1,-55
0f8686,STVSK-0,CAMP_SAN_01,P07,300,BOGOF,24,92,Atliq_Curtains,Home Care,Visakhapatnam,Sankranti,10-01-2024,16-01-2024,7200,27600,68,20400
c092d4,STBLR-4,CAMP_DIW_01,P07,300,BOGOF,70,243,Atliq_Curtains,Home Care,Bengaluru,Diwali,12-11-2023,18-11-2023,21000,72900,173,51900
24541f,STBLR-1,CAMP_SAN_01,P13,350,BOGOF,111,290,Atliq_High_Glo_15W_LED_Bulb,Home Appliances,Bengaluru,Sankranti,10-01-2024,16-01-2024,38850,101500,179,62650
8.31E+08,STCBE-2,CAMP_DIW_01,P08,1190,BOGOF,33,129,Atliq_Double_Bedsheet_set,Home Care,Coimbatore,Diwali,12-11-2023,18-11-2023,39270,153510,96,114240
ebbe5d,STCHE-2,CAMP_SAN_01,P06,415,25% OFF,25,22,Atliq_Fusion_Container_Set_of_3,Home Care,Chennai,Sankranti,10-01-2024,16-01-2024,10375,9130,-3,-1245
2ae8b8,STCBE-2,CAMP_SAN_01,P10,50,25% OFF,22,18,Atliq_Cream_Beauty_Bathing_Soap (125GM),Personal Care,Coimbatore,Sankranti,10-01-2024,16-01-2024,1100,900,-4,-200
dafaa4,STVJD-1,CAMP_SAN_01,P05,55,25% OFF,13,9,Atliq_Scrub_Sponge_For_Dishwash,Home Care,Vijayawada,Sankranti,10-01-2024,16-01-2024,715,495,-4,-220
4f757f,STMYS-1,CAMP_SAN_01,P13,350,BOGOF,129,540,Atliq_High_Glo_15W_LED_Bulb,Home Appliances,Mysuru,Sankranti,10-01-2024,16-01-2024,45150,189000,411,143850
0894b7,STCHE-3,CAMP_SAN_01,P08,1190,BOGOF,46,203,Atliq_Double_Bedsheet_set,Home Care,Chennai,Sankranti,10-01-2024,16-01-2024,54740,241570,157,186830
a80b87,STVSK-0,CAMP_DIW_01,P11,190,50% OFF,49,76,Atliq_Doodh_Kesar_Body_Lotion (200ML),Personal Care,Visakhapatnam,Diwali,12-11-2023,18-11-2023,9310,14440,27,5130
3f9b4d,STHYD-5,CAMP_SAN_01,P09,90,25% OFF,66,62,Atliq_Body_Milk_Nourishing_Lotion (120ML),Personal Care,Hyderabad,Sankranti,10-01-2024,16-01-2024,5940,5580,-4,-360
6ed2f5,STBLR-4,CAMP_DIW_01,P13,350,BOGOF,84,285,Atliq_High_Glo_15W_LED_Bulb,Home Appliances,Bengaluru,Diwali,12-11-2023,18-11-2023,29400,99750,201,70350
1.53E+07,STCHE-7,CAMP_SAN_01,P12,62,50% OFF,67,95,Atliq_Lime_Cool_Bathing_Bar (125GM),Personal Care,Chennai,Sankranti,10-01-2024,16-01-2024,4154,5890,28,1736
855f49,STBLR-3,CAMP_SAN_01,P04,370,BOGOF,481,1890,Atliq_Farm_Chakki_Atta (1KG),Grocery & Staples,Bengaluru,Sankranti,10-01-2024,16-01-2024,177970,699300,1409,521330
4a8c38,STCHE-0,CAMP_SAN_01,P04,370,BOGOF,469,1861,Atliq_Farm_Chakki_Atta (1KG),Grocery & Staples,Chennai,Sankranti,10-01-2024,16-01-2024,173530,688570,1392,515040
1a1a02,STBLR-0,CAMP_SAN_01,P04,370,BOGOF,465,2064,Atliq_Farm_Chakki_Atta (1KG),Grocery & Staples,Bengaluru,Sankranti,10-01-2024,16-01-2024,172050,763680,1599,591630
1a4a61,STCHE-1,CAMP_SAN_01,P06,415,25% OFF,36,29,Atliq_Fusion_Container_Set_of_3,Home Care,Chennai,Sankranti,10-01-2024,16-01-2024,14940,12035,-7,-2905
aeed36,STBLR-6,CAMP_SAN_01,P12,62,50% OFF,54,83,Atliq_Lime_Cool_Bathing_Bar (125GM),Personal Care,Bengaluru,Sankranti,10-01-2024,16-01-2024,3348,5146,29,1798
e23132,STVJD-0,CAMP_DIW_01,P08,1190,BOGOF,26,86,Atliq_Double_Bedsheet_set,Home Care,Vijayawada,Diwali,12-11-2023,18-11-2023,30940,102340,60,71400
d76198,STCHE-4,CAMP_DIW_01,P08,1190,BOGOF,54,213,Atliq_Double_Bedsheet_set,Home Care,Chennai,Diwali,12-11-2023,18-11-2023,64260,253470,159,189210
0ae76a,STMLR-1,CAMP_SAN_01,P11,190,50% OFF,21,30,Atliq_Doodh_Kesar_Body_Lotion (200ML),Personal Care,Mangalore,Sankranti,10-01-2024,16-01-2024,3990,5700,9,1710
ce39e4,STMLR-1,CAMP_DIW_01,P13,350,BOGOF,42,145,Atliq_High_Glo_15W_LED_Bulb,Home Appliances,Mangalore,Diwali,12-11-2023,18-11-2023,14700,50750,103,36050
8869,STCBE-4,CAMP_SAN_01,P13,350,BOGOF,75,200,Atliq_High_Glo_15W_LED_Bulb,Home Appliances,Coimbatore,Sankranti,10-01-2024,16-01-2024,26250,70000,125,43750
fcf54a,STCHE-7,CAMP_DIW_01,P04,290,25% OFF,348,334,Atliq_Farm_Chakki_Atta (1KG),Grocery & Staples,Chennai,Diwali,12-11-2023,18-11-2023,100920,96860,-14,-4060
0b9826,STHYD-6,CAMP_DIW_01,P11,190,50% OFF,57,71,Atliq_Doodh_Kesar_Body_Lotion (200ML),Personal Care,Hyderabad,Diwali,12-11-2023,18-11-2023,10830,13490,14,2660
fbab9b,STMYS-1,CAMP_DIW_01,P01,172,33% OFF,334,591,Atliq_Masoor_Dal (1KG),Grocery & Staples,Mysuru,Diwali,12-11-2023,18-11-2023,57448,101652,257,44204
e2c229,STTRV-1,CAMP_SAN_01,P15,3000,500 Cashback,54,125,Atliq_Home_Essential_8_Product_Combo,Combo1,Trivandrum,Sankranti,10-01-2024,16-01-2024,162000,375000,71,213000
2e48c4,STVSK-0,CAMP_DIW_01,P09,110,50% OFF,50,76,Atliq_Body_Milk_Nourishing_Lotion (120ML),Personal Care,Visakhapatnam,Diwali,12-11-2023,18-11-2023,5500,8360,26,2860
171bbb,STTRV-0,CAMP_SAN_01,P15,3000,500 Cashback,79,171,Atliq_Home_Essential_8_Product_Combo,Combo1,Trivandrum,Sankranti,10-01-2024,16-01-2024,237000,513000,92,276000
ace471,STMDU-0,CAMP_SAN_01,P04,370,BOGOF,273,1201,Atliq_Farm_Chakki_Atta (1KG),Grocery & Staples,Madurai,Sankranti,10-01-2024,16-01-2024,101010,444370,928,343360
a26e60,STTRV-1,CAMP_DIW_01,P13,350,BOGOF,36,122,Atliq_High_Glo_15W_LED_Bulb,Home Appliances,Trivandrum,Diwali,12-11-2023,18-11-2023,12600,42700,86,30100
cb43c4,STCHE-0,CAMP_SAN_01,P14,1020,BOGOF,106,424,Atliq_waterproof_Immersion_Rod,Home Appliances,Chennai,Sankranti,10-01-2024,16-01-2024,108120,432480,318,324360
ba72b1,STMDU-1,CAMP_SAN_01,P05,55,25% OFF,15,12,Atliq_Scrub_Sponge_For_Dishwash,Home Care,Madurai,Sankranti,10-01-2024,16-01-2024,825,660,-3,-165
e89f85,STCBE-1,CAMP_SAN_01,P05,55,25% OFF,25,18,Atliq_Scrub_Sponge_For_Dishwash,Home Care,Coimbatore,Sankranti,10-01-2024,16-01-2024,1375,990,-7,-385
c95efb,STBLR-7,CAMP_DIW_01,P15,3000,500 Cashback,416,1389,Atliq_Home_Essential_8_Product_Combo,Combo1,Bengaluru,Diwali,12-11-2023,18-11-2023,1248000,4167000,973,2919000
dec49d,STMDU-2,CAMP_SAN_01,P05,55,25% OFF,21,17,Atliq_Scrub_Sponge_For_Dishwash,Home Care,Madurai,Sankranti,10-01-2024,16-01-2024,1155,935,-4,-220
a5800c,STMYS-3,CAMP_SAN_01,P12,62,50% OFF,60,67,Atliq_Lime_Cool_Bathing_Bar (125GM),Personal Care,Mysuru,Sankranti,10-01-2024,16-01-2024,3720,4154,7,434
5d5637,STCHE-0,CAMP_DIW_01,P09,110,50% OFF,94,119,Atliq_Body_Milk_Nourishing_Lotion (120ML),Personal Care,Chennai,Diwali,12-11-2023,18-11-2023,10340,13090,25,2750
f9d2c6,STBLR-9,CAMP_SAN_01,P14,1020,BOGOF,111,429,Atliq_waterproof_Immersion_Rod,Home Appliances,Bengaluru,Sankranti,10-01-2024,16-01-2024,113220,437580,318,324360
0ee55a,STHYD-5,CAMP_DIW_01,P06,415,25% OFF,82,80,Atliq_Fusion_Container_Set_of_3,Home Care,Hyderabad,Diwali,12-11-2023,18-11-2023,34030,33200,-2,-830
1192bc,STCBE-4,CAMP_DIW_01,P11,190,50% OFF,59,79,Atliq_Doodh_Kesar_Body_Lotion (200ML),Personal Care,Coimbatore,Diwali,12-11-2023,18-11-2023,11210,15010,20,3800
be65d7,STTRV-0,CAMP_DIW_01,P12,62,50% OFF,54,68,Atliq_Lime_Cool_Bathing_Bar (125GM),Personal Care,Trivandrum,Diwali,12-11-2023,18-11-2023,3348,4216,14,868
6bb477,STHYD-1,CAMP_DIW_01,P04,290,25% OFF,318,276,Atliq_Farm_Chakki_Atta (1KG),Grocery & Staples,Hyderabad,Diwali,12-11-2023,18-11-2023,92220,80040,-42,-12180
a2d32f,STVSK-3,CAMP_SAN_01,P09,90,25% OFF,39,31,Atliq_Body_Milk_Nourishing_Lotion (120ML),Personal Care,Visakhapatnam,Sankranti,10-01-2024,16-01-2024,3510,2790,-8,-720
5f29e7,STMLR-1,CAMP_DIW_01,P12,62,50% OFF,71,90,Atliq_Lime_Cool_Bathing_Bar (125GM),Personal Care,Mangalore,Diwali,12-11-2023,18-11-2023,4402,5580,19,1178
802dfa,STBLR-3,CAMP_SAN_01,P07,300,BOGOF,54,217,Atliq_Curtains,Home Care,Bengaluru,Sankranti,10-01-2024,16-01-2024,16200,65100,163,48900
0b38d9,STMYS-3,CAMP_DIW_01,P08,1190,BOGOF,29,115,Atliq_Double_Bedsheet_set,Home Care,Mysuru,Diwali,12-11-2023,18-11-2023,34510,136850,86,102340
f013a9,STMYS-2,CAMP_SAN_01,P14,1020,BOGOF,105,276,Atliq_waterproof_Immersion_Rod,Home Appliances,Mysuru,Sankranti,10-01-2024,16-01-2024,107100,281520,171,174420
ea916f,STTRV-0,CAMP_SAN_01,P10,50,25% OFF,18,16,Atliq_Cream_Beauty_Bathing_Soap (125GM),Personal Care,Trivandrum,Sankranti,10-01-2024,16-01-2024,900,800,-2,-100
2.70E+61,STHYD-1,CAMP_DIW_01,P05,55,25% OFF,110,96,Atliq_Scrub_Sponge_For_Dishwash,Home Care,Hyderabad,Diwali,12-11-2023,18-11-2023,6050,5280,-14,-770
bd3f78,STHYD-0,CAMP_DIW_01,P11,190,50% OFF,68,104,Atliq_Doodh_Kesar_Body_Lotion (200ML),Personal Care,Hyderabad,Diwali,12-11-2023,18-11-2023,12920,19760,36,6840
feadc3,STCBE-0,CAMP_SAN_01,P05,55,25% OFF,21,19,Atliq_Scrub_Sponge_For_Dishwash,Home Care,Coimbatore,Sankranti,10-01-2024,16-01-2024,1155,1045,-2,-110
f41256,STMLR-1,CAMP_SAN_01,P15,3000,500 Cashback,58,128,Atliq_Home_Essential_8_Product_Combo,Combo1,Mangalore,Sankranti,10-01-2024,16-01-2024,174000,384000,70,210000
f25735,STBLR-3,CAMP_DIW_01,P09,110,50% OFF,66,85,Atliq_Body_Milk_Nourishing_Lotion (120ML),Personal Care,Bengaluru,Diwali,12-11-2023,18-11-2023,7260,9350,19,2090
5729c0,STMYS-2,CAMP_SAN_01,P04,370,BOGOF,240,636,Atliq_Farm_Chakki_Atta (1KG),Grocery & Staples,Mysuru,Sankranti,10-01-2024,16-01-2024,88800,235320,396,146520
cf4f71,STHYD-0,CAMP_SAN_01,P01,172,33% OFF,250,382,Atliq_Masoor_Dal (1KG),Grocery & Staples,Hyderabad,Sankranti,10-01-2024,16-01-2024,43000,65704,132,22704
60ba75,STVJD-0,CAMP_SAN_01,P13,350,BOGOF,60,234,Atliq_High_Glo_15W_LED_Bulb,Home Appliances,Vijayawada,Sankranti,10-01-2024,16-01-2024,21000,81900,174,60900
6bce12,STMYS-0,CAMP_SAN_01,P07,300,BOGOF,46,120,Atliq_Curtains,Home Care,Mysuru,Sankranti,10-01-2024,16-01-2024,13800,36000,74,22200
25902,STMYS-2,CAMP_DIW_01,P11,190,50% OFF,70,93,Atliq_Doodh_Kesar_Body_Lotion (200ML),Personal Care,Mysuru,Diwali,12-11-2023,18-11-2023,13300,17670,23,4370
1dd472,STMLR-1,CAMP_SAN_01,P04,370,BOGOF,220,886,Atliq_Farm_Chakki_Atta (1KG),Grocery & Staples,Mangalore,Sankranti,10-01-2024,16-01-2024,81400,327820,666,246420
f94f2f,STTRV-1,CAMP_DIW_01,P08,1190,BOGOF,28,92,Atliq_Double_Bedsheet_set,Home Care,Trivandrum,Diwali,12-11-2023,18-11-2023,33320,109480,64,76160
802b3c,STBLR-1,CAMP_DIW_01,P15,3000,500 Cashback,369,1007,Atliq_Home_Essential_8_Product_Combo,Combo1,Bengaluru,Diwali,12-11-2023,18-11-2023,1107000,3021000,638,1914000
4aa7ef,STHYD-1,CAMP_DIW_01,P07,300,BOGOF,59,176,Atliq_Curtains,Home Care,Hyderabad,Diwali,12-11-2023,18-11-2023,17700,52800,117,35100
4e0e90,STVSK-2,CAMP_DIW_01,P12,62,50% OFF,80,124,Atliq_Lime_Cool_Bathing_Bar (125GM),Personal Care,Visakhapatnam,Diwali,12-11-2023,18-11-2023,4960,7688,44,2728
9155d1,STTRV-1,CAMP_DIW_01,P11,190,50% OFF,33,43,Atliq_Doodh_Kesar_Body_Lotion (200ML),Personal Care,Trivandrum,Diwali,12-11-2023,18-11-2023,6270,8170,10,1900
f1421a,STMDU-2,CAMP_SAN_01,P09,90,25% OFF,49,39,Atliq_Body_Milk_Nourishing_Lotion (120ML),Personal Care,Madurai,Sankranti,10-01-2024,16-01-2024,4410,3510,-10,-900
fb29d7,STMYS-3,CAMP_SAN_01,P06,415,25% OFF,28,23,Atliq_Fusion_Container_Set_of_3,Home Care,Mysuru,Sankranti,10-01-2024,16-01-2024,11620,9545,-5,-2075
18c9f4,STBLR-1,CAMP_DIW_01,P03,156,25% OFF,385,369,Atliq_Suflower_Oil (1L),Grocery & Staples,Bengaluru,Diwali,12-11-2023,18-11-2023,60060,57564,-16,-2496
2abe5e,STCHE-6,CAMP_SAN_01,P06,415,25% OFF,40,28,Atliq_Fusion_Container_Set_of_3,Home Care,Chennai,Sankranti,10-01-2024,16-01-2024,16600,11620,-12,-4980
4a77da,STMLR-0,CAMP_SAN_01,P02,860,33% OFF,243,332,Atliq_Sonamasuri_Rice (10KG),Grocery & Staples,Mangalore,Sankranti,10-01-2024,16-01-2024,208980,285520,89,76540
d46611,STMLR-2,CAMP_DIW_01,P05,55,25% OFF,47,40,Atliq_Scrub_Sponge_For_Dishwash,Home Care,Mangalore,Diwali,12-11-2023,18-11-2023,2585,2200,-7,-385
30b66a,STBLR-7,CAMP_DIW_01,P11,190,50% OFF,84,131,Atliq_Doodh_Kesar_Body_Lotion (200ML),Personal Care,Bengaluru,Diwali,12-11-2023,18-11-2023,15960,24890,47,8930
e0a83a,STBLR-8,CAMP_DIW_01,P07,300,BOGOF,63,221,Atliq_Curtains,Home Care,Bengaluru,Diwali,12-11-2023,18-11-2023,18900,66300,158,47400
e78335,STMDU-1,CAMP_DIW_01,P03,156,25% OFF,281,244,Atliq_Suflower_Oil (1L),Grocery & Staples,Madurai,Diwali,12-11-2023,18-11-2023,43836,38064,-37,-5772
a16acc,STBLR-4,CAMP_SAN_01,P11,190,50% OFF,43,59,Atliq_Doodh_Kesar_Body_Lotion (200ML),Personal Care,Bengaluru,Sankranti,10-01-2024,16-01-2024,8170,11210,16,3040
250dee,STCHE-0,CAMP_SAN_01,P01,172,33% OFF,237,341,Atliq_Masoor_Dal (1KG),Grocery & Staples,Chennai,Sankranti,10-01-2024,16-01-2024,40764,58652,104,17888
62769f,STMDU-3,CAMP_SAN_01,P05,55,25% OFF,16,12,Atliq_Scrub_Sponge_For_Dishwash,Home Care,Madurai,Sankranti,10-01-2024,16-01-2024,880,660,-4,-220
8d7458,STCBE-1,CAMP_DIW_01,P12,62,50% OFF,98,109,Atliq_Lime_Cool_Bathing_Bar (125GM),Personal Care,Coimbatore,Diwali,12-11-2023,18-11-2023,6076,6758,11,682
6bf19b,STTRV-1,CAMP_DIW_01,P04,290,25% OFF,169,160,Atliq_Farm_Chakki_Atta (1KG),Grocery & Staples,Trivandrum,Diwali,12-11-2023,18-11-2023,49010,46400,-9,-2610
10a8b7,STMYS-2,CAMP_SAN_01,P12,62,50% OFF,61,87,Atliq_Lime_Cool_Bathing_Bar (125GM),Personal Care,Mysuru,Sankranti,10-01-2024,16-01-2024,3782,5394,26,1612
bcffbb,STCBE-0,CAMP_DIW_01,P11,190,50% OFF,36,56,Atliq_Doodh_Kesar_Body_Lotion (200ML),Personal Care,Coimbatore,Diwali,12-11-2023,18-11-2023,6840,10640,20,3800
bea96f,STVSK-2,CAMP_SAN_01,P14,1020,BOGOF,64,250,Atliq_waterproof_Immersion_Rod,Home Appliances,Visakhapatnam,Sankranti,10-01-2024,16-01-2024,65280,255000,186,189720
ebd35e,STBLR-8,CAMP_DIW_01,P04,290,25% OFF,323,251,Atliq_Farm_Chakki_Atta (1KG),Grocery & Staples,Bengaluru,Diwali,12-11-2023,18-11-2023,93670,72790,-72,-20880
b7f012,STMYS-2,CAMP_SAN_01,P15,3000,500 Cashback,118,208,Atliq_Home_Essential_8_Product_Combo,Combo1,Mysuru,Sankranti,10-01-2024,16-01-2024,354000,624000,90,270000
b79118,STVSK-3,CAMP_DIW_01,P04,290,25% OFF,236,210,Atliq_Farm_Chakki_Atta (1KG),Grocery & Staples,Visakhapatnam,Diwali,12-11-2023,18-11-2023,68440,60900,-26,-7540
657a95,STCHE-4,CAMP_DIW_01,P12,62,50% OFF,126,168,Atliq_Lime_Cool_Bathing_Bar (125GM),Personal Care,Chennai,Diwali,12-11-2023,18-11-2023,7812,10416,42,2604
f41ca1,STCBE-2,CAMP_DIW_01,P07,300,BOGOF,42,166,Atliq_Curtains,Home Care,Coimbatore,Diwali,12-11-2023,18-11-2023,12600,49800,124,37200
4d8607,STCHE-0,CAMP_DIW_01,P03,156,25% OFF,323,293,Atliq_Suflower_Oil (1L),Grocery & Staples,Chennai,Diwali,12-11-2023,18-11-2023,50388,45708,-30,-4680
ffcda1,STVJD-0,CAMP_DIW_01,P11,190,50% OFF,42,55,Atliq_Doodh_Kesar_Body_Lotion (200ML),Personal Care,Vijayawada,Diwali,12-11-2023,18-11-2023,7980,10450,13,2470
c6e3ae,STCHE-0,CAMP_SAN_01,P13,350,BOGOF,117,457,Atliq_High_Glo_15W_LED_Bulb,Home Appliances,Chennai,Sankranti,10-01-2024,16-01-2024,40950,159950,340,119000
a9d059,STCHE-7,CAMP_DIW_01,P14,1020,BOGOF,50,202,Atliq_waterproof_Immersion_Rod,Home Appliances,Chennai,Diwali,12-11-2023,18-11-2023,51000,206040,152,155040
f21f4c,STVSK-3,CAMP_DIW_01,P09,110,50% OFF,50,58,Atliq_Body_Milk_Nourishing_Lotion (120ML),Personal Care,Visakhapatnam,Diwali,12-11-2023,18-11-2023,5500,6380,8,880
de0a50,STCHE-7,CAMP_SAN_01,P05,55,25% OFF,28,26,Atliq_Scrub_Sponge_For_Dishwash,Home Care,Chennai,Sankranti,10-01-2024,16-01-2024,1540,1430,-2,-110
eae38f,STVJD-1,CAMP_SAN_01,P13,350,BOGOF,73,286,Atliq_High_Glo_15W_LED_Bulb,Home Appliances,Vijayawada,Sankranti,10-01-2024,16-01-2024,25550,100100,213,74550
1c7c7f,STBLR-8,CAMP_DIW_01,P14,1020,BOGOF,52,178,Atliq_waterproof_Immersion_Rod,Home Appliances,Bengaluru,Diwali,12-11-2023,18-11-2023,53040,181560,126,128520
7f6f08,STBLR-7,CAMP_SAN_01,P05,55,25% OFF,24,20,Atliq_Scrub_Sponge_For_Dishwash,Home Care,Bengaluru,Sankranti,10-01-2024,16-01-2024,1320,1100,-4,-220
f63299,STVSK-0,CAMP_DIW_01,P02,860,33% OFF,301,526,Atliq_Sonamasuri_Rice (10KG),Grocery & Staples,Visakhapatnam,Diwali,12-11-2023,18-11-2023,258860,452360,225,193500
cfeac1,STHYD-6,CAMP_SAN_01,P14,1020,BOGOF,100,396,Atliq_waterproof_Immersion_Rod,Home Appliances,Hyderabad,Sankranti,10-01-2024,16-01-2024,102000,403920,296,301920
15b3a7,STMYS-3,CAMP_DIW_01,P05,55,25% OFF,94,84,Atliq_Scrub_Sponge_For_Dishwash,Home Care,Mysuru,Diwali,12-11-2023,18-11-2023,5170,4620,-10,-550
8e6e77,STBLR-0,CAMP_SAN_01,P08,1190,BOGOF,37,156,Atliq_Double_Bedsheet_set,Home Care,Bengaluru,Sankranti,10-01-2024,16-01-2024,44030,185640,119,141610
fc2f67,STBLR-5,CAMP_SAN_01,P06,415,25% OFF,34,27,Atliq_Fusion_Container_Set_of_3,Home Care,Bengaluru,Sankranti,10-01-2024,16-01-2024,14110,11205,-7,-2905
ac6273,STHYD-2,CAMP_DIW_01,P01,172,33% OFF,281,435,Atliq_Masoor_Dal (1KG),Grocery & Staples,Hyderabad,Diwali,12-11-2023,18-11-2023,48332,74820,154,26488
e5804e,STHYD-0,CAMP_DIW_01,P01,172,33% OFF,316,521,Atliq_Masoor_Dal (1KG),Grocery & Staples,Hyderabad,Diwali,12-11-2023,18-11-2023,54352,89612,205,35260
32b8a7,STBLR-2,CAMP_DIW_01,P03,156,25% OFF,378,343,Atliq_Suflower_Oil (1L),Grocery & Staples,Bengaluru,Diwali,12-11-2023,18-11-2023,58968,53508,-35,-5460
3f2255,STBLR-3,CAMP_DIW_01,P02,860,33% OFF,381,563,Atliq_Sonamasuri_Rice (10KG),Grocery & Staples,Bengaluru,Diwali,12-11-2023,18-11-2023,327660,484180,182,156520
75f9b8,STCHE-4,CAMP_SAN_01,P06,415,25% OFF,27,22,Atliq_Fusion_Container_Set_of_3,Home Care,Chennai,Sankranti,10-01-2024,16-01-2024,11205,9130,-5,-2075
df380c,STBLR-5,CAMP_SAN_01,P05,55,25% OFF,25,21,Atliq_Scrub_Sponge_For_Dishwash,Home Care,Bengaluru,Sankranti,10-01-2024,16-01-2024,1375,1155,-4,-220
3a1cad,STMDU-3,CAMP_DIW_01,P12,62,50% OFF,87,93,Atliq_Lime_Cool_Bathing_Bar (125GM),Personal Care,Madurai,Diwali,12-11-2023,18-11-2023,5394,5766,6,372
d730ac,STCHE-0,CAMP_SAN_01,P06,415,25% OFF,31,26,Atliq_Fusion_Container_Set_of_3,Home Care,Chennai,Sankranti,10-01-2024,16-01-2024,12865,10790,-5,-2075
8aa62d,STCHE-2,CAMP_SAN_01,P12,62,50% OFF,67,74,Atliq_Lime_Cool_Bathing_Bar (125GM),Personal Care,Chennai,Sankranti,10-01-2024,16-01-2024,4154,4588,7,434
fd788c,STVSK-1,CAMP_DIW_01,P11,190,50% OFF,43,58,Atliq_Doodh_Kesar_Body_Lotion (200ML),Personal Care,Visakhapatnam,Diwali,12-11-2023,18-11-2023,8170,11020,15,2850
fb9e95,STBLR-5,CAMP_DIW_01,P12,62,50% OFF,141,179,Atliq_Lime_Cool_Bathing_Bar (125GM),Personal Care,Bengaluru,Diwali,12-11-2023,18-11-2023,8742,11098,38,2356
cefb49,STMYS-3,CAMP_DIW_01,P02,860,33% OFF,322,386,Atliq_Sonamasuri_Rice (10KG),Grocery & Staples,Mysuru,Diwali,12-11-2023,18-11-2023,276920,331960,64,55040
f0365e,STCHE-2,CAMP_DIW_01,P09,110,50% OFF,85,90,Atliq_Body_Milk_Nourishing_Lotion (120ML),Personal Care,Chennai,Diwali,12-11-2023,18-11-2023,9350,9900,5,550
1809f2,STVSK-4,CAMP_SAN_01,P06,415,25% OFF,22,15,Atliq_Fusion_Container_Set_of_3,Home Care,Visakhapatnam,Sankranti,10-01-2024,16-01-2024,9130,6225,-7,-2905
2e3594,STMDU-0,CAMP_DIW_01,P13,350,BOGOF,61,237,Atliq_High_Glo_15W_LED_Bulb,Home Appliances,Madurai,Diwali,12-11-2023,18-11-2023,21350,82950,176,61600
e0ef00,STBLR-9,CAMP_SAN_01,P03,200,BOGOF,309,1226,Atliq_Suflower_Oil (1L),Grocery & Staples,Bengaluru,Sankranti,10-01-2024,16-01-2024,61800,245200,917,183400
46917a,STVSK-3,CAMP_DIW_01,P12,62,50% OFF,105,115,Atliq_Lime_Cool_Bathing_Bar (125GM),Personal Care,Visakhapatnam,Diwali,12-11-2023,18-11-2023,6510,7130,10,620
63a2d2,STCHE-3,CAMP_DIW_01,P08,1190,BOGOF,47,186,Atliq_Double_Bedsheet_set,Home Care,Chennai,Diwali,12-11-2023,18-11-2023,55930,221340,139,165410
6ae178,STCHE-7,CAMP_SAN_01,P10,50,25% OFF,30,28,Atliq_Cream_Beauty_Bathing_Soap (125GM),Personal Care,Chennai,Sankranti,10-01-2024,16-01-2024,1500,1400,-2,-100
367e8d,STCBE-2,CAMP_SAN_01,P07,300,BOGOF,30,123,Atliq_Curtains,Home Care,Coimbatore,Sankranti,10-01-2024,16-01-2024,9000,36900,93,27900
0a3c5c,STMDU-1,CAMP_DIW_01,P13,350,BOGOF,47,163,Atliq_High_Glo_15W_LED_Bulb,Home Appliances,Madurai,Diwali,12-11-2023,18-11-2023,16450,57050,116,40600
d1bfe5,STMDU-2,CAMP_DIW_01,P02,860,33% OFF,301,385,Atliq_Sonamasuri_Rice (10KG),Grocery & Staples,Madurai,Diwali,12-11-2023,18-11-2023,258860,331100,84,72240
9faad8,STHYD-0,CAMP_SAN_01,P09,90,25% OFF,54,44,Atliq_Body_Milk_Nourishing_Lotion (120ML),Personal Care,Hyderabad,Sankranti,10-01-2024,16-01-2024,4860,3960,-10,-900
5947fb,STBLR-9,CAMP_SAN_01,P15,3000,500 Cashback,118,251,Atliq_Home_Essential_8_Product_Combo,Combo1,Bengaluru,Sankranti,10-01-2024,16-01-2024,354000,753000,133,399000
e7f270,STVSK-0,CAMP_SAN_01,P01,172,33% OFF,211,322,Atliq_Masoor_Dal (1KG),Grocery & Staples,Visakhapatnam,Sankranti,10-01-2024,16-01-2024,36292,55384,111,19092
06749d,STMDU-2,CAMP_DIW_01,P09,110,50% OFF,47,54,Atliq_Body_Milk_Nourishing_Lotion (120ML),Personal Care,Madurai,Diwali,12-11-2023,18-11-2023,5170,5940,7,770
eb4f04,STMLR-0,CAMP_SAN_01,P15,3000,500 Cashback,54,89,Atliq_Home_Essential_8_Product_Combo,Combo1,Mangalore,Sankranti,10-01-2024,16-01-2024,162000,267000,35,105000
ff9fa7,STBLR-9,CAMP_SAN_01,P06,415,25% OFF,43,40,Atliq_Fusion_Container_Set_of_3,Home Care,Bengaluru,Sankranti,10-01-2024,16-01-2024,17845,16600,-3,-1245
669d35,STCHE-1,CAMP_DIW_01,P12,62,50% OFF,108,124,Atliq_Lime_Cool_Bathing_Bar (125GM),Personal Care,Chennai,Diwali,12-11-2023,18-11-2023,6696,7688,16,992
546cc3,STHYD-3,CAMP_SAN_01,P01,172,33% OFF,312,483,Atliq_Masoor_Dal (1KG),Grocery & Staples,Hyderabad,Sankranti,10-01-2024,16-01-2024,53664,83076,171,29412
e7bb4f,STMDU-2,CAMP_DIW_01,P13,350,BOGOF,45,148,Atliq_High_Glo_15W_LED_Bulb,Home Appliances,Madurai,Diwali,12-11-2023,18-11-2023,15750,51800,103,36050
c4006c,STCBE-3,CAMP_DIW_01,P15,3000,500 Cashback,243,724,Atliq_Home_Essential_8_Product_Combo,Combo1,Coimbatore,Diwali,12-11-2023,18-11-2023,729000,2172000,481,1443000
8e1636,STBLR-4,CAMP_SAN_01,P15,3000,500 Cashback,109,249,Atliq_Home_Essential_8_Product_Combo,Combo1,Bengaluru,Sankranti,10-01-2024,16-01-2024,327000,747000,140,420000
284539,STCHE-3,CAMP_SAN_01,P03,200,BOGOF,384,1678,Atliq_Suflower_Oil (1L),Grocery & Staples,Chennai,Sankranti,10-01-2024,16-01-2024,76800,335600,1294,258800
84aa9b,STCHE-0,CAMP_SAN_01,P02,860,33% OFF,424,580,Atliq_Sonamasuri_Rice (10KG),Grocery & Staples,Chennai,Sankranti,10-01-2024,16-01-2024,364640,498800,156,134160
fe1a8b,STBLR-8,CAMP_SAN_01,P15,3000,500 Cashback,126,278,Atliq_Home_Essential_8_Product_Combo,Combo1,Bengaluru,Sankranti,10-01-2024,16-01-2024,378000,834000,152,456000
440bd9,STBLR-0,CAMP_SAN_01,P13,350,BOGOF,129,528,Atliq_High_Glo_15W_LED_Bulb,Home Appliances,Bengaluru,Sankranti,10-01-2024,16-01-2024,45150,184800,399,139650
63ef11,STCBE-4,CAMP_SAN_01,P09,90,25% OFF,46,38,Atliq_Body_Milk_Nourishing_Lotion (120ML),Personal Care,Coimbatore,Sankranti,10-01-2024,16-01-2024,4140,3420,-8,-720
0312a8,STCHE-7,CAMP_DIW_01,P15,3000,500 Cashback,393,1375,Atliq_Home_Essential_8_Product_Combo,Combo1,Chennai,Diwali,12-11-2023,18-11-2023,1179000,4125000,982,2946000
4b8e08,STHYD-1,CAMP_SAN_01,P11,190,50% OFF,37,41,Atliq_Doodh_Kesar_Body_Lotion (200ML),Personal Care,Hyderabad,Sankranti,10-01-2024,16-01-2024,7030,7790,4,760
b94bda,STMYS-0,CAMP_DIW_01,P13,350,BOGOF,56,168,Atliq_High_Glo_15W_LED_Bulb,Home Appliances,Mysuru,Diwali,12-11-2023,18-11-2023,19600,58800,112,39200
0c0339,STHYD-2,CAMP_DIW_01,P07,300,BOGOF,64,211,Atliq_Curtains,Home Care,Hyderabad,Diwali,12-11-2023,18-11-2023,19200,63300,147,44100
c5176d,STCBE-2,CAMP_SAN_01,P01,172,33% OFF,196,307,Atliq_Masoor_Dal (1KG),Grocery & Staples,Coimbatore,Sankranti,10-01-2024,16-01-2024,33712,52804,111,19092
b5b0f5,STCBE-0,CAMP_SAN_01,P02,860,33% OFF,399,586,Atliq_Sonamasuri_Rice (10KG),Grocery & Staples,Coimbatore,Sankranti,10-01-2024,16-01-2024,343140,503960,187,160820
66f526,STVJD-0,CAMP_SAN_01,P10,50,25% OFF,18,16,Atliq_Cream_Beauty_Bathing_Soap (125GM),Personal Care,Vijayawada,Sankranti,10-01-2024,16-01-2024,900,800,-2,-100
3153d6,STCBE-4,CAMP_SAN_01,P02,860,33% OFF,396,558,Atliq_Sonamasuri_Rice (10KG),Grocery & Staples,Coimbatore,Sankranti,10-01-2024,16-01-2024,340560,479880,162,139320
a3caaa,STCHE-0,CAMP_DIW_01,P10,65,50% OFF,126,167,Atliq_Cream_Beauty_Bathing_Soap (125GM),Personal Care,Chennai,Diwali,12-11-2023,18-11-2023,8190,10855,41,2665
2c7cc7,STBLR-1,CAMP_SAN_01,P10,50,25% OFF,28,24,Atliq_Cream_Beauty_Bathing_Soap (125GM),Personal Care,Bengaluru,Sankranti,10-01-2024,16-01-2024,1400,1200,-4,-200
bed694,STTRV-1,CAMP_SAN_01,P10,50,25% OFF,15,14,Atliq_Cream_Beauty_Bathing_Soap (125GM),Personal Care,Trivandrum,Sankranti,10-01-2024,16-01-2024,750,700,-1,-50
817b4f,STCHE-5,CAMP_DIW_01,P11,190,50% OFF,78,92,Atliq_Doodh_Kesar_Body_Lotion (200ML),Personal Care,Chennai,Diwali,12-11-2023,18-11-2023,14820,17480,14,2660
d0daaa,STMDU-1,CAMP_SAN_01,P14,1020,BOGOF,63,244,Atliq_waterproof_Immersion_Rod,Home Appliances,Madurai,Sankranti,10-01-2024,16-01-2024,64260,248880,181,184620
bb974d,STBLR-2,CAMP_SAN_01,P03,200,BOGOF,307,1200,Atliq_Suflower_Oil (1L),Grocery & Staples,Bengaluru,Sankranti,10-01-2024,16-01-2024,61400,240000,893,178600
e025ee,STVSK-1,CAMP_SAN_01,P07,300,BOGOF,27,107,Atliq_Curtains,Home Care,Visakhapatnam,Sankranti,10-01-2024,16-01-2024,8100,32100,80,24000
0f5588,STMYS-3,CAMP_DIW_01,P03,156,25% OFF,378,332,Atliq_Suflower_Oil (1L),Grocery & Staples,Mysuru,Diwali,12-11-2023,18-11-2023,58968,51792,-46,-7176
2e0950,STBLR-0,CAMP_DIW_01,P05,55,25% OFF,133,114,Atliq_Scrub_Sponge_For_Dishwash,Home Care,Bengaluru,Diwali,12-11-2023,18-11-2023,7315,6270,-19,-1045
62e500,STCHE-7,CAMP_DIW_01,P01,172,33% OFF,346,505,Atliq_Masoor_Dal (1KG),Grocery & Staples,Chennai,Diwali,12-11-2023,18-11-2023,59512,86860,159,27348
37cb7c,STCHE-0,CAMP_DIW_01,P13,350,BOGOF,61,203,Atliq_High_Glo_15W_LED_Bulb,Home Appliances,Chennai,Diwali,12-11-2023,18-11-2023,21350,71050,142,49700
543c36,STHYD-4,CAMP_SAN_01,P07,300,BOGOF,58,225,Atliq_Curtains,Home Care,Hyderabad,Sankranti,10-01-2024,16-01-2024,17400,67500,167,50100
d41d53,STCHE-5,CAMP_DIW_01,P01,172,33% OFF,334,424,Atliq_Masoor_Dal (1KG),Grocery & Staples,Chennai,Diwali,12-11-2023,18-11-2023,57448,72928,90,15480
5f65df,STCHE-2,CAMP_SAN_01,P13,350,BOGOF,105,423,Atliq_High_Glo_15W_LED_Bulb,Home Appliances,Chennai,Sankranti,10-01-2024,16-01-2024,36750,148050,318,111300
9acfa3,STCHE-0,CAMP_DIW_01,P12,62,50% OFF,115,154,Atliq_Lime_Cool_Bathing_Bar (125GM),Personal Care,Chennai,Diwali,12-11-2023,18-11-2023,7130,9548,39,2418
f94d7b,STMDU-2,CAMP_SAN_01,P13,350,BOGOF,96,377,Atliq_High_Glo_15W_LED_Bulb,Home Appliances,Madurai,Sankranti,10-01-2024,16-01-2024,33600,131950,281,98350
75f30e,STCHE-2,CAMP_SAN_01,P15,3000,500 Cashback,117,251,Atliq_Home_Essential_8_Product_Combo,Combo1,Chennai,Sankranti,10-01-2024,16-01-2024,351000,753000,134,402000
b6b840,STCBE-1,CAMP_DIW_01,P02,860,33% OFF,244,312,Atliq_Sonamasuri_Rice (10KG),Grocery & Staples,Coimbatore,Diwali,12-11-2023,18-11-2023,209840,268320,68,58480
7b49ce,STVJD-1,CAMP_DIW_01,P15,3000,500 Cashback,224,685,Atliq_Home_Essential_8_Product_Combo,Combo1,Vijayawada,Diwali,12-11-2023,18-11-2023,672000,2055000,461,1383000
a107c4,STVJD-0,CAMP_SAN_01,P05,55,25% OFF,16,14,Atliq_Scrub_Sponge_For_Dishwash,Home Care,Vijayawada,Sankranti,10-01-2024,16-01-2024,880,770,-2,-110
4858ab,STBLR-7,CAMP_SAN_01,P14,1020,BOGOF,124,514,Atliq_waterproof_Immersion_Rod,Home Appliances,Bengaluru,Sankranti,10-01-2024,16-01-2024,126480,524280,390,397800
00a7c3,STTRV-1,CAMP_SAN_01,P02,860,33% OFF,231,314,Atliq_Sonamasuri_Rice (10KG),Grocery & Staples,Trivandrum,Sankranti,10-01-2024,16-01-2024,198660,270040,83,71380
fe68f2,STBLR-2,CAMP_SAN_01,P01,172,33% OFF,304,428,Atliq_Masoor_Dal (1KG),Grocery & Staples,Bengaluru,Sankranti,10-01-2024,16-01-2024,52288,73616,124,21328
c8e17c,STMLR-1,CAMP_DIW_01,P02,860,33% OFF,166,252,Atliq_Sonamasuri_Rice (10KG),Grocery & Staples,Mangalore,Diwali,12-11-2023,18-11-2023,142760,216720,86,73960
8376c6,STHYD-5,CAMP_SAN_01,P01,172,33% OFF,336,467,Atliq_Masoor_Dal (1KG),Grocery & Staples,Hyderabad,Sankranti,10-01-2024,16-01-2024,57792,80324,131,22532
bf49bf,STCHE-4,CAMP_SAN_01,P14,1020,BOGOF,111,473,Atliq_waterproof_Immersion_Rod,Home Appliances,Chennai,Sankranti,10-01-2024,16-01-2024,113220,482460,362,369240
aa54a7,STHYD-1,CAMP_DIW_01,P13,350,BOGOF,91,281,Atliq_High_Glo_15W_LED_Bulb,Home Appliances,Hyderabad,Diwali,12-11-2023,18-11-2023,31850,98350,190,66500
4aa530,STMYS-0,CAMP_DIW_01,P02,860,33% OFF,465,674,Atliq_Sonamasuri_Rice (10KG),Grocery & Staples,Mysuru,Diwali,12-11-2023,18-11-2023,399900,579640,209,179740
5a4d9d,STCHE-1,CAMP_SAN_01,P02,860,33% OFF,468,599,Atliq_Sonamasuri_Rice (10KG),Grocery & Staples,Chennai,Sankranti,10-01-2024,16-01-2024,402480,515140,131,112660
ce68be,STCHE-3,CAMP_SAN_01,P01,172,33% OFF,310,421,Atliq_Masoor_Dal (1KG),Grocery & Staples,Chennai,Sankranti,10-01-2024,16-01-2024,53320,72412,111,19092
9acae6,STMYS-0,CAMP_DIW_01,P05,55,25% OFF,73,65,Atliq_Scrub_Sponge_For_Dishwash,Home Care,Mysuru,Diwali,12-11-2023,18-11-2023,4015,3575,-8,-440
2ba1ba,STCHE-7,CAMP_SAN_01,P13,350,BOGOF,106,454,Atliq_High_Glo_15W_LED_Bulb,Home Appliances,Chennai,Sankranti,10-01-2024,16-01-2024,37100,158900,348,121800
6909d3,STBLR-2,CAMP_DIW_01,P02,860,33% OFF,390,585,Atliq_Sonamasuri_Rice (10KG),Grocery & Staples,Bengaluru,Diwali,12-11-2023,18-11-2023,335400,503100,195,167700
d5769b,STCBE-2,CAMP_SAN_01,P09,90,25% OFF,42,34,Atliq_Body_Milk_Nourishing_Lotion (120ML),Personal Care,Coimbatore,Sankranti,10-01-2024,16-01-2024,3780,3060,-8,-720
c0d022,STBLR-6,CAMP_SAN_01,P06,415,25% OFF,33,28,Atliq_Fusion_Container_Set_of_3,Home Care,Bengaluru,Sankranti,10-01-2024,16-01-2024,13695,11620,-5,-2075
5.80E+27,STMYS-2,CAMP_DIW_01,P07,300,BOGOF,73,215,Atliq_Curtains,Home Care,Mysuru,Diwali,12-11-2023,18-11-2023,21900,64500,142,42600
ebbbb9,STVSK-1,CAMP_SAN_01,P05,55,25% OFF,19,14,Atliq_Scrub_Sponge_For_Dishwash,Home Care,Visakhapatnam,Sankranti,10-01-2024,16-01-2024,1045,770,-5,-275
14ff29,STBLR-3,CAMP_SAN_01,P11,190,50% OFF,43,62,Atliq_Doodh_Kesar_Body_Lotion (200ML),Personal Care,Bengaluru,Sankranti,10-01-2024,16-01-2024,8170,11780,19,3610
f39a0c,STHYD-3,CAMP_SAN_01,P09,90,25% OFF,49,37,Atliq_Body_Milk_Nourishing_Lotion (120ML),Personal Care,Hyderabad,Sankranti,10-01-2024,16-01-2024,4410,3330,-12,-1080
5bc324,STTRV-1,CAMP_DIW_01,P14,1020,BOGOF,19,66,Atliq_waterproof_Immersion_Rod,Home Appliances,Trivandrum,Diwali,12-11-2023,18-11-2023,19380,67320,47,47940
87564a,STCHE-6,CAMP_DIW_01,P04,290,25% OFF,346,269,Atliq_Farm_Chakki_Atta (1KG),Grocery & Staples,Chennai,Diwali,12-11-2023,18-11-2023,100340,78010,-77,-22330
6ba4b5,STMDU-0,CAMP_SAN_01,P05,55,25% OFF,15,12,Atliq_Scrub_Sponge_For_Dishwash,Home Care,Madurai,Sankranti,10-01-2024,16-01-2024,825,660,-3,-165
7cf9ef,STMDU-3,CAMP_DIW_01,P11,190,50% OFF,66,71,Atliq_Doodh_Kesar_Body_Lotion (200ML),Personal Care,Madurai,Diwali,12-11-2023,18-11-2023,12540,13490,5,950
91649,STMDU-1,CAMP_SAN_01,P13,350,BOGOF,73,287,Atliq_High_Glo_15W_LED_Bulb,Home Appliances,Madurai,Sankranti,10-01-2024,16-01-2024,25550,100450,214,74900
bfc9da,STBLR-9,CAMP_SAN_01,P04,370,BOGOF,387,1509,Atliq_Farm_Chakki_Atta (1KG),Grocery & Staples,Bengaluru,Sankranti,10-01-2024,16-01-2024,143190,558330,1122,415140
788131,STBLR-3,CAMP_DIW_01,P10,65,50% OFF,108,145,Atliq_Cream_Beauty_Bathing_Soap (125GM),Personal Care,Bengaluru,Diwali,12-11-2023,18-11-2023,7020,9425,37,2405
9ebcf9,STVSK-4,CAMP_DIW_01,P10,65,50% OFF,80,109,Atliq_Cream_Beauty_Bathing_Soap (125GM),Personal Care,Visakhapatnam,Diwali,12-11-2023,18-11-2023,5200,7085,29,1885
b60e6a,STBLR-6,CAMP_SAN_01,P09,90,25% OFF,63,51,Atliq_Body_Milk_Nourishing_Lotion (120ML),Personal Care,Bengaluru,Sankranti,10-01-2024,16-01-2024,5670,4590,-12,-1080
c3b511,STCBE-3,CAMP_SAN_01,P14,1020,BOGOF,75,297,Atliq_waterproof_Immersion_Rod,Home Appliances,Coimbatore,Sankranti,10-01-2024,16-01-2024,76500,302940,222,226440
de6e7e,STVSK-1,CAMP_SAN_01,P15,3000,500 Cashback,88,186,Atliq_Home_Essential_8_Product_Combo,Combo1,Visakhapatnam,Sankranti,10-01-2024,16-01-2024,264000,558000,98,294000
8f80ed,STVSK-3,CAMP_DIW_01,P11,190,50% OFF,52,57,Atliq_Doodh_Kesar_Body_Lotion (200ML),Personal Care,Visakhapatnam,Diwali,12-11-2023,18-11-2023,9880,10830,5,950
a298bc,STVJD-1,CAMP_DIW_01,P07,300,BOGOF,33,109,Atliq_Curtains,Home Care,Vijayawada,Diwali,12-11-2023,18-11-2023,9900,32700,76,22800
003c65,STBLR-9,CAMP_SAN_01,P13,350,BOGOF,114,457,Atliq_High_Glo_15W_LED_Bulb,Home Appliances,Bengaluru,Sankranti,10-01-2024,16-01-2024,39900,159950,343,120050
5f313a,STCHE-2,CAMP_DIW_01,P10,65,50% OFF,124,135,Atliq_Cream_Beauty_Bathing_Soap (125GM),Personal Care,Chennai,Diwali,12-11-2023,18-11-2023,8060,8775,11,715
4f1bb6,STMYS-0,CAMP_SAN_01,P11,190,50% OFF,46,63,Atliq_Doodh_Kesar_Body_Lotion (200ML),Personal Care,Mysuru,Sankranti,10-01-2024,16-01-2024,8740,11970,17,3230
cd4c5a,STMLR-0,CAMP_SAN_01,P09,90,25% OFF,34,28,Atliq_Body_Milk_Nourishing_Lotion (120ML),Personal Care,Mangalore,Sankranti,10-01-2024,16-01-2024,3060,2520,-6,-540
6.59E+23,STVJD-0,CAMP_SAN_01,P01,172,33% OFF,186,252,Atliq_Masoor_Dal (1KG),Grocery & Staples,Vijayawada,Sankranti,10-01-2024,16-01-2024,31992,43344,66,11352
5abaf9,STCHE-3,CAMP_SAN_01,P07,300,BOGOF,37,155,Atliq_Curtains,Home Care,Chennai,Sankranti,10-01-2024,16-01-2024,11100,46500,118,35400
bb83e5,STMDU-2,CAMP_DIW_01,P08,1190,BOGOF,40,133,Atliq_Double_Bedsheet_set,Home Care,Madurai,Diwali,12-11-2023,18-11-2023,47600,158270,93,110670
531a22,STBLR-3,CAMP_DIW_01,P11,190,50% OFF,71,90,Atliq_Doodh_Kesar_Body_Lotion (200ML),Personal Care,Bengaluru,Diwali,12-11-2023,18-11-2023,13490,17100,19,3610
fe1c63,STMYS-3,CAMP_DIW_01,P11,190,50% OFF,71,76,Atliq_Doodh_Kesar_Body_Lotion (200ML),Personal Care,Mysuru,Diwali,12-11-2023,18-11-2023,13490,14440,5,950
6046fa,STBLR-4,CAMP_DIW_01,P12,62,50% OFF,141,180,Atliq_Lime_Cool_Bathing_Bar (125GM),Personal Care,Bengaluru,Diwali,12-11-2023,18-11-2023,8742,11160,39,2418
ef95a9,STBLR-3,CAMP_DIW_01,P13,350,BOGOF,87,298,Atliq_High_Glo_15W_LED_Bulb,Home Appliances,Bengaluru,Diwali,12-11-2023,18-11-2023,30450,104300,211,73850
16fb87,STBLR-2,CAMP_SAN_01,P10,50,25% OFF,37,31,Atliq_Cream_Beauty_Bathing_Soap (125GM),Personal Care,Bengaluru,Sankranti,10-01-2024,16-01-2024,1850,1550,-6,-300
be3489,STHYD-3,CAMP_DIW_01,P14,1020,BOGOF,38,119,Atliq_waterproof_Immersion_Rod,Home Appliances,Hyderabad,Diwali,12-11-2023,18-11-2023,38760,121380,81,82620
c4a484,STMYS-2,CAMP_DIW_01,P01,172,33% OFF,295,454,Atliq_Masoor_Dal (1KG),Grocery & Staples,Mysuru,Diwali,12-11-2023,18-11-2023,50740,78088,159,27348
fb70b4,STCHE-2,CAMP_DIW_01,P03,156,25% OFF,355,347,Atliq_Suflower_Oil (1L),Grocery & Staples,Chennai,Diwali,12-11-2023,18-11-2023,55380,54132,-8,-1248
1bfbb8,STCHE-7,CAMP_DIW_01,P12,62,50% OFF,171,222,Atliq_Lime_Cool_Bathing_Bar (125GM),Personal Care,Chennai,Diwali,12-11-2023,18-11-2023,10602,13764,51,3162
a6276f,STCHE-4,CAMP_DIW_01,P14,1020,BOGOF,56,224,Atliq_waterproof_Immersion_Rod,Home Appliances,Chennai,Diwali,12-11-2023,18-11-2023,57120,228480,168,171360
f95092,STVSK-1,CAMP_SAN_01,P13,350,BOGOF,124,500,Atliq_High_Glo_15W_LED_Bulb,Home Appliances,Visakhapatnam,Sankranti,10-01-2024,16-01-2024,43400,175000,376,131600
da99ec,STCHE-5,CAMP_DIW_01,P14,1020,BOGOF,54,184,Atliq_waterproof_Immersion_Rod,Home Appliances,Chennai,Diwali,12-11-2023,18-11-2023,55080,187680,130,132600
9c2c14,STVSK-0,CAMP_DIW_01,P14,1020,BOGOF,29,97,Atliq_waterproof_Immersion_Rod,Home Appliances,Visakhapatnam,Diwali,12-11-2023,18-11-2023,29580,98940,68,69360
11971a,STHYD-2,CAMP_SAN_01,P11,190,50% OFF,45,62,Atliq_Doodh_Kesar_Body_Lotion (200ML),Personal Care,Hyderabad,Sankranti,10-01-2024,16-01-2024,8550,11780,17,3230
3426bd,STCBE-0,CAMP_DIW_01,P10,65,50% OFF,80,124,Atliq_Cream_Beauty_Bathing_Soap (125GM),Personal Care,Coimbatore,Diwali,12-11-2023,18-11-2023,5200,8060,44,2860
46021e,STCHE-1,CAMP_SAN_01,P07,300,BOGOF,31,79,Atliq_Curtains,Home Care,Chennai,Sankranti,10-01-2024,16-01-2024,9300,23700,48,14400
29687a,STVJD-0,CAMP_SAN_01,P02,860,33% OFF,298,420,Atliq_Sonamasuri_Rice (10KG),Grocery & Staples,Vijayawada,Sankranti,10-01-2024,16-01-2024,256280,361200,122,104920
655aa2,STHYD-0,CAMP_DIW_01,P10,65,50% OFF,112,170,Atliq_Cream_Beauty_Bathing_Soap (125GM),Personal Care,Hyderabad,Diwali,12-11-2023,18-11-2023,7280,11050,58,3770
49e9ea,STHYD-2,CAMP_SAN_01,P04,370,BOGOF,415,1672,Atliq_Farm_Chakki_Atta (1KG),Grocery & Staples,Hyderabad,Sankranti,10-01-2024,16-01-2024,153550,618640,1257,465090
0beb9b,STVSK-2,CAMP_SAN_01,P12,62,50% OFF,28,43,Atliq_Lime_Cool_Bathing_Bar (125GM),Personal Care,Visakhapatnam,Sankranti,10-01-2024,16-01-2024,1736,2666,15,930
29411f,STBLR-6,CAMP_SAN_01,P08,1190,BOGOF,69,303,Atliq_Double_Bedsheet_set,Home Care,Bengaluru,Sankranti,10-01-2024,16-01-2024,82110,360570,234,278460
8ff2bb,STBLR-2,CAMP_SAN_01,P06,415,25% OFF,40,33,Atliq_Fusion_Container_Set_of_3,Home Care,Bengaluru,Sankranti,10-01-2024,16-01-2024,16600,13695,-7,-2905
918a17,STVSK-1,CAMP_DIW_01,P14,1020,BOGOF,26,91,Atliq_waterproof_Immersion_Rod,Home Appliances,Visakhapatnam,Diwali,12-11-2023,18-11-2023,26520,92820,65,66300
1e5c85,STBLR-7,CAMP_DIW_01,P01,172,33% OFF,341,606,Atliq_Masoor_Dal (1KG),Grocery & Staples,Bengaluru,Diwali,12-11-2023,18-11-2023,58652,104232,265,45580
7d89b1,STVSK-3,CAMP_DIW_01,P08,1190,BOGOF,45,138,Atliq_Double_Bedsheet_set,Home Care,Visakhapatnam,Diwali,12-11-2023,18-11-2023,53550,164220,93,110670
5db3e3,STBLR-2,CAMP_DIW_01,P13,350,BOGOF,78,274,Atliq_High_Glo_15W_LED_Bulb,Home Appliances,Bengaluru,Diwali,12-11-2023,18-11-2023,27300,95900,196,68600
35637b,STVSK-4,CAMP_DIW_01,P03,156,25% OFF,301,237,Atliq_Suflower_Oil (1L),Grocery & Staples,Visakhapatnam,Diwali,12-11-2023,18-11-2023,46956,36972,-64,-9984
e788e5,STMYS-0,CAMP_SAN_01,P10,50,25% OFF,30,24,Atliq_Cream_Beauty_Bathing_Soap (125GM),Personal Care,Mysuru,Sankranti,10-01-2024,16-01-2024,1500,1200,-6,-300
5c2d1f,STCBE-2,CAMP_SAN_01,P03,200,BOGOF,304,1340,Atliq_Suflower_Oil (1L),Grocery & Staples,Coimbatore,Sankranti,10-01-2024,16-01-2024,60800,268000,1036,207200
e96e9d,STHYD-1,CAMP_DIW_01,P15,3000,500 Cashback,362,959,Atliq_Home_Essential_8_Product_Combo,Combo1,Hyderabad,Diwali,12-11-2023,18-11-2023,1086000,2877000,597,1791000
6a7fa1,STVJD-1,CAMP_SAN_01,P14,1020,BOGOF,61,243,Atliq_waterproof_Immersion_Rod,Home Appliances,Vijayawada,Sankranti,10-01-2024,16-01-2024,62220,247860,182,185640
1274dc,STCBE-4,CAMP_DIW_01,P09,110,50% OFF,54,68,Atliq_Body_Milk_Nourishing_Lotion (120ML),Personal Care,Coimbatore,Diwali,12-11-2023,18-11-2023,5940,7480,14,1540
fc7056,STBLR-2,CAMP_DIW_01,P08,1190,BOGOF,40,135,Atliq_Double_Bedsheet_set,Home Care,Bengaluru,Diwali,12-11-2023,18-11-2023,47600,160650,95,113050
69a46e,STCHE-2,CAMP_DIW_01,P01,172,33% OFF,320,416,Atliq_Masoor_Dal (1KG),Grocery & Staples,Chennai,Diwali,12-11-2023,18-11-2023,55040,71552,96,16512
a05e82,STMYS-3,CAMP_SAN_01,P13,350,BOGOF,124,527,Atliq_High_Glo_15W_LED_Bulb,Home Appliances,Mysuru,Sankranti,10-01-2024,16-01-2024,43400,184450,403,141050
da1969,STVSK-1,CAMP_SAN_01,P03,200,BOGOF,322,1291,Atliq_Suflower_Oil (1L),Grocery & Staples,Visakhapatnam,Sankranti,10-01-2024,16-01-2024,64400,258200,969,193800
2fc575,STBLR-0,CAMP_DIW_01,P12,62,50% OFF,147,198,Atliq_Lime_Cool_Bathing_Bar (125GM),Personal Care,Bengaluru,Diwali,12-11-2023,18-11-2023,9114,12276,51,3162
4ced30,STCHE-3,CAMP_SAN_01,P09,90,25% OFF,60,49,Atliq_Body_Milk_Nourishing_Lotion (120ML),Personal Care,Chennai,Sankranti,10-01-2024,16-01-2024,5400,4410,-11,-990
a37110,STHYD-0,CAMP_DIW_01,P04,290,25% OFF,367,330,Atliq_Farm_Chakki_Atta (1KG),Grocery & Staples,Hyderabad,Diwali,12-11-2023,18-11-2023,106430,95700,-37,-10730
8829ef,STCBE-0,CAMP_SAN_01,P12,62,50% OFF,39,61,Atliq_Lime_Cool_Bathing_Bar (125GM),Personal Care,Coimbatore,Sankranti,10-01-2024,16-01-2024,2418,3782,22,1364
aa6972,STMDU-0,CAMP_DIW_01,P12,62,50% OFF,103,131,Atliq_Lime_Cool_Bathing_Bar (125GM),Personal Care,Madurai,Diwali,12-11-2023,18-11-2023,6386,8122,28,1736
dd8425,STCHE-0,CAMP_SAN_01,P11,190,50% OFF,49,71,Atliq_Doodh_Kesar_Body_Lotion (200ML),Personal Care,Chennai,Sankranti,10-01-2024,16-01-2024,9310,13490,22,4180
f8a2a6,STMDU-1,CAMP_SAN_01,P09,90,25% OFF,45,36,Atliq_Body_Milk_Nourishing_Lotion (120ML),Personal Care,Madurai,Sankranti,10-01-2024,16-01-2024,4050,3240,-9,-810
c1c42d,STMLR-1,CAMP_SAN_01,P09,90,25% OFF,28,22,Atliq_Body_Milk_Nourishing_Lotion (120ML),Personal Care,Mangalore,Sankranti,10-01-2024,16-01-2024,2520,1980,-6,-540
6eede8,STTRV-0,CAMP_SAN_01,P11,190,50% OFF,22,30,Atliq_Doodh_Kesar_Body_Lotion (200ML),Personal Care,Trivandrum,Sankranti,10-01-2024,16-01-2024,4180,5700,8,1520
092c09,STHYD-5,CAMP_DIW_01,P08,1190,BOGOF,43,147,Atliq_Double_Bedsheet_set,Home Care,Hyderabad,Diwali,12-11-2023,18-11-2023,51170,174930,104,123760
3f34d5,STCBE-2,CAMP_DIW_01,P09,110,50% OFF,50,80,Atliq_Body_Milk_Nourishing_Lotion (120ML),Personal Care,Coimbatore,Diwali,12-11-2023,18-11-2023,5500,8800,30,3300
2b50e0,STBLR-6,CAMP_DIW_01,P15,3000,500 Cashback,390,1318,Atliq_Home_Essential_8_Product_Combo,Combo1,Bengaluru,Diwali,12-11-2023,18-11-2023,1170000,3954000,928,2784000
92151c,STMDU-3,CAMP_SAN_01,P10,50,25% OFF,25,20,Atliq_Cream_Beauty_Bathing_Soap (125GM),Personal Care,Madurai,Sankranti,10-01-2024,16-01-2024,1250,1000,-5,-250
4ad12b,STBLR-4,CAMP_DIW_01,P15,3000,500 Cashback,407,1245,Atliq_Home_Essential_8_Product_Combo,Combo1,Bengaluru,Diwali,12-11-2023,18-11-2023,1221000,3735000,838,2514000
1824c2,STHYD-6,CAMP_SAN_01,P12,62,50% OFF,67,93,Atliq_Lime_Cool_Bathing_Bar (125GM),Personal Care,Hyderabad,Sankranti,10-01-2024,16-01-2024,4154,5766,26,1612
9b309b,STMYS-0,CAMP_SAN_01,P09,90,25% OFF,67,56,Atliq_Body_Milk_Nourishing_Lotion (120ML),Personal Care,Mysuru,Sankranti,10-01-2024,16-01-2024,6030,5040,-11,-990
0dfaac,STCHE-6,CAMP_DIW_01,P02,860,33% OFF,434,629,Atliq_Sonamasuri_Rice (10KG),Grocery & Staples,Chennai,Diwali,12-11-2023,18-11-2023,373240,540940,195,167700
652101,STBLR-1,CAMP_DIW_01,P07,300,BOGOF,61,189,Atliq_Curtains,Home Care,Bengaluru,Diwali,12-11-2023,18-11-2023,18300,56700,128,38400
6ec0eb,STCHE-2,CAMP_DIW_01,P15,3000,500 Cashback,369,1073,Atliq_Home_Essential_8_Product_Combo,Combo1,Chennai,Diwali,12-11-2023,18-11-2023,1107000,3219000,704,2112000
07ee94,STCHE-4,CAMP_DIW_01,P03,156,25% OFF,369,332,Atliq_Suflower_Oil (1L),Grocery & Staples,Chennai,Diwali,12-11-2023,18-11-2023,57564,51792,-37,-5772
4a34a6,STVSK-4,CAMP_SAN_01,P09,90,25% OFF,34,25,Atliq_Body_Milk_Nourishing_Lotion (120ML),Personal Care,Visakhapatnam,Sankranti,10-01-2024,16-01-2024,3060,2250,-9,-810
8ea7e8,STVJD-1,CAMP_SAN_01,P09,90,25% OFF,37,26,Atliq_Body_Milk_Nourishing_Lotion (120ML),Personal Care,Vijayawada,Sankranti,10-01-2024,16-01-2024,3330,2340,-11,-990
6ee8ab,STVSK-0,CAMP_SAN_01,P06,415,25% OFF,16,13,Atliq_Fusion_Container_Set_of_3,Home Care,Visakhapatnam,Sankranti,10-01-2024,16-01-2024,6640,5395,-3,-1245
0d70f7,STVSK-2,CAMP_DIW_01,P01,172,33% OFF,210,367,Atliq_Masoor_Dal (1KG),Grocery & Staples,Visakhapatnam,Diwali,12-11-2023,18-11-2023,36120,63124,157,27004
deea3e,STMLR-1,CAMP_SAN_01,P14,1020,BOGOF,51,198,Atliq_waterproof_Immersion_Rod,Home Appliances,Mangalore,Sankranti,10-01-2024,16-01-2024,52020,201960,147,149940
699bac,STCHE-7,CAMP_SAN_01,P07,300,BOGOF,42,183,Atliq_Curtains,Home Care,Chennai,Sankranti,10-01-2024,16-01-2024,12600,54900,141,42300
cc4a67,STTRV-0,CAMP_DIW_01,P03,156,25% OFF,187,181,Atliq_Suflower_Oil (1L),Grocery & Staples,Trivandrum,Diwali,12-11-2023,18-11-2023,29172,28236,-6,-936
b456c0,STBLR-3,CAMP_DIW_01,P06,415,25% OFF,91,72,Atliq_Fusion_Container_Set_of_3,Home Care,Bengaluru,Diwali,12-11-2023,18-11-2023,37765,29880,-19,-7885
d2dc77,STMLR-0,CAMP_DIW_01,P13,350,BOGOF,40,119,Atliq_High_Glo_15W_LED_Bulb,Home Appliances,Mangalore,Diwali,12-11-2023,18-11-2023,14000,41650,79,27650
f78e86,STCHE-3,CAMP_DIW_01,P06,415,25% OFF,77,67,Atliq_Fusion_Container_Set_of_3,Home Care,Chennai,Diwali,12-11-2023,18-11-2023,31955,27805,-10,-4150
9d1009,STHYD-0,CAMP_DIW_01,P06,415,25% OFF,78,68,Atliq_Fusion_Container_Set_of_3,Home Care,Hyderabad,Diwali,12-11-2023,18-11-2023,32370,28220,-10,-4150
0179b3,STMLR-2,CAMP_SAN_01,P05,55,25% OFF,15,12,Atliq_Scrub_Sponge_For_Dishwash,Home Care,Mangalore,Sankranti,10-01-2024,16-01-2024,825,660,-3,-165
933cae,STCHE-3,CAMP_SAN_01,P06,415,25% OFF,28,23,Atliq_Fusion_Container_Set_of_3,Home Care,Chennai,Sankranti,10-01-2024,16-01-2024,11620,9545,-5,-2075
7704c2,STBLR-7,CAMP_SAN_01,P04,370,BOGOF,382,1638,Atliq_Farm_Chakki_Atta (1KG),Grocery & Staples,Bengaluru,Sankranti,10-01-2024,16-01-2024,141340,606060,1256,464720
b55027,STCHE-6,CAMP_SAN_01,P10,50,25% OFF,31,22,Atliq_Cream_Beauty_Bathing_Soap (125GM),Personal Care,Chennai,Sankranti,10-01-2024,16-01-2024,1550,1100,-9,-450
0842b9,STCBE-1,CAMP_DIW_01,P04,290,25% OFF,227,172,Atliq_Farm_Chakki_Atta (1KG),Grocery & Staples,Coimbatore,Diwali,12-11-2023,18-11-2023,65830,49880,-55,-15950
1142fd,STVSK-3,CAMP_DIW_01,P05,55,25% OFF,71,63,Atliq_Scrub_Sponge_For_Dishwash,Home Care,Visakhapatnam,Diwali,12-11-2023,18-11-2023,3905,3465,-8,-440
35e1c7,STBLR-1,CAMP_DIW_01,P14,1020,BOGOF,54,169,Atliq_waterproof_Immersion_Rod,Home Appliances,Bengaluru,Diwali,12-11-2023,18-11-2023,55080,172380,115,117300
80255e,STMDU-0,CAMP_DIW_01,P05,55,25% OFF,57,50,Atliq_Scrub_Sponge_For_Dishwash,Home Care,Madurai,Diwali,12-11-2023,18-11-2023,3135,2750,-7,-385
37cb87,STBLR-1,CAMP_SAN_01,P07,300,BOGOF,46,115,Atliq_Curtains,Home Care,Bengaluru,Sankranti,10-01-2024,16-01-2024,13800,34500,69,20700
fd5855,STVSK-4,CAMP_SAN_01,P08,1190,BOGOF,25,64,Atliq_Double_Bedsheet_set,Home Care,Visakhapatnam,Sankranti,10-01-2024,16-01-2024,29750,76160,39,46410
0f714a,STVJD-1,CAMP_SAN_01,P06,415,25% OFF,16,11,Atliq_Fusion_Container_Set_of_3,Home Care,Vijayawada,Sankranti,10-01-2024,16-01-2024,6640,4565,-5,-2075
4ab3c2,STVSK-1,CAMP_DIW_01,P09,110,50% OFF,64,81,Atliq_Body_Milk_Nourishing_Lotion (120ML),Personal Care,Visakhapatnam,Diwali,12-11-2023,18-11-2023,7040,8910,17,1870
57d06d,STCBE-1,CAMP_SAN_01,P09,90,25% OFF,54,39,Atliq_Body_Milk_Nourishing_Lotion (120ML),Personal Care,Coimbatore,Sankranti,10-01-2024,16-01-2024,4860,3510,-15,-1350
ad783e,STCHE-4,CAMP_SAN_01,P10,50,25% OFF,30,25,Atliq_Cream_Beauty_Bathing_Soap (125GM),Personal Care,Chennai,Sankranti,10-01-2024,16-01-2024,1500,1250,-5,-250
cf616b,STMYS-2,CAMP_DIW_01,P09,110,50% OFF,64,84,Atliq_Body_Milk_Nourishing_Lotion (120ML),Personal Care,Mysuru,Diwali,12-11-2023,18-11-2023,7040,9240,20,2200
e5e0dc,STHYD-0,CAMP_SAN_01,P07,300,BOGOF,52,204,Atliq_Curtains,Home Care,Hyderabad,Sankranti,10-01-2024,16-01-2024,15600,61200,152,45600
30bacd,STBLR-3,CAMP_DIW_01,P14,1020,BOGOF,42,143,Atliq_waterproof_Immersion_Rod,Home Appliances,Bengaluru,Diwali,12-11-2023,18-11-2023,42840,145860,101,103020
68e849,STMLR-2,CAMP_DIW_01,P06,415,25% OFF,40,34,Atliq_Fusion_Container_Set_of_3,Home Care,Mangalore,Diwali,12-11-2023,18-11-2023,16600,14110,-6,-2490
c3b647,STCHE-5,CAMP_SAN_01,P08,1190,BOGOF,64,256,Atliq_Double_Bedsheet_set,Home Care,Chennai,Sankranti,10-01-2024,16-01-2024,76160,304640,192,228480
5dfa52,STVSK-2,CAMP_DIW_01,P04,290,25% OFF,244,217,Atliq_Farm_Chakki_Atta (1KG),Grocery & Staples,Visakhapatnam,Diwali,12-11-2023,18-11-2023,70760,62930,-27,-7830
9d63a7,STHYD-6,CAMP_SAN_01,P08,1190,BOGOF,43,166,Atliq_Double_Bedsheet_set,Home Care,Hyderabad,Sankranti,10-01-2024,16-01-2024,51170,197540,123,146370
9fae1c,STHYD-2,CAMP_DIW_01,P15,3000,500 Cashback,400,1176,Atliq_Home_Essential_8_Product_Combo,Combo1,Hyderabad,Diwali,12-11-2023,18-11-2023,1200000,3528000,776,2328000
ae288b,STMYS-0,CAMP_DIW_01,P11,190,50% OFF,89,113,Atliq_Doodh_Kesar_Body_Lotion (200ML),Personal Care,Mysuru,Diwali,12-11-2023,18-11-2023,16910,21470,24,4560
f940cf,STHYD-6,CAMP_DIW_01,P13,350,BOGOF,77,260,Atliq_High_Glo_15W_LED_Bulb,Home Appliances,Hyderabad,Diwali,12-11-2023,18-11-2023,26950,91000,183,64050
7cf0d8,STMDU-0,CAMP_SAN_01,P14,1020,BOGOF,79,349,Atliq_waterproof_Immersion_Rod,Home Appliances,Madurai,Sankranti,10-01-2024,16-01-2024,80580,355980,270,275400
a7c40d,STMLR-1,CAMP_DIW_01,P09,110,50% OFF,38,50,Atliq_Body_Milk_Nourishing_Lotion (120ML),Personal Care,Mangalore,Diwali,12-11-2023,18-11-2023,4180,5500,12,1320
d4ccb5,STCBE-1,CAMP_DIW_01,P05,55,25% OFF,61,50,Atliq_Scrub_Sponge_For_Dishwash,Home Care,Coimbatore,Diwali,12-11-2023,18-11-2023,3355,2750,-11,-605
9953ec,STTRV-0,CAMP_SAN_01,P04,370,BOGOF,187,733,Atliq_Farm_Chakki_Atta (1KG),Grocery & Staples,Trivandrum,Sankranti,10-01-2024,16-01-2024,69190,271210,546,202020
fc9ab7,STCBE-1,CAMP_DIW_01,P08,1190,BOGOF,40,140,Atliq_Double_Bedsheet_set,Home Care,Coimbatore,Diwali,12-11-2023,18-11-2023,47600,166600,100,119000
f32df2,STHYD-6,CAMP_DIW_01,P04,290,25% OFF,390,339,Atliq_Farm_Chakki_Atta (1KG),Grocery & Staples,Hyderabad,Diwali,12-11-2023,18-11-2023,113100,98310,-51,-14790
cf6323,STTRV-0,CAMP_DIW_01,P15,3000,500 Cashback,190,547,Atliq_Home_Essential_8_Product_Combo,Combo1,Trivandrum,Diwali,12-11-2023,18-11-2023,570000,1641000,357,1071000
5372de,STCBE-3,CAMP_SAN_01,P10,50,25% OFF,28,22,Atliq_Cream_Beauty_Bathing_Soap (125GM),Personal Care,Coimbatore,Sankranti,10-01-2024,16-01-2024,1400,1100,-6,-300
24054f,STBLR-4,CAMP_DIW_01,P09,110,50% OFF,89,116,Atliq_Body_Milk_Nourishing_Lotion (120ML),Personal Care,Bengaluru,Diwali,12-11-2023,18-11-2023,9790,12760,27,2970
4f75fe,STMYS-2,CAMP_DIW_01,P08,1190,BOGOF,42,123,Atliq_Double_Bedsheet_set,Home Care,Mysuru,Diwali,12-11-2023,18-11-2023,49980,146370,81,96390
21a8a0,STBLR-4,CAMP_SAN_01,P01,172,33% OFF,286,394,Atliq_Masoor_Dal (1KG),Grocery & Staples,Bengaluru,Sankranti,10-01-2024,16-01-2024,49192,67768,108,18576
800f42,STMDU-3,CAMP_SAN_01,P03,200,BOGOF,273,1097,Atliq_Suflower_Oil (1L),Grocery & Staples,Madurai,Sankranti,10-01-2024,16-01-2024,54600,219400,824,164800
cdb883,STMDU-0,CAMP_SAN_01,P12,62,50% OFF,46,66,Atliq_Lime_Cool_Bathing_Bar (125GM),Personal Care,Madurai,Sankranti,10-01-2024,16-01-2024,2852,4092,20,1240
9c2777,STCHE-6,CAMP_SAN_01,P02,860,33% OFF,463,629,Atliq_Sonamasuri_Rice (10KG),Grocery & Staples,Chennai,Sankranti,10-01-2024,16-01-2024,398180,540940,166,142760
a6cb9e,STVSK-2,CAMP_SAN_01,P05,55,25% OFF,15,12,Atliq_Scrub_Sponge_For_Dishwash,Home Care,Visakhapatnam,Sankranti,10-01-2024,16-01-2024,825,660,-3,-165
f23d14,STHYD-1,CAMP_SAN_01,P05,55,25% OFF,25,21,Atliq_Scrub_Sponge_For_Dishwash,Home Care,Hyderabad,Sankranti,10-01-2024,16-01-2024,1375,1155,-4,-220
ee68d9,STCHE-1,CAMP_SAN_01,P15,3000,500 Cashback,136,242,Atliq_Home_Essential_8_Product_Combo,Combo1,Chennai,Sankranti,10-01-2024,16-01-2024,408000,726000,106,318000
5e1671,STCHE-2,CAMP_SAN_01,P10,50,25% OFF,34,30,Atliq_Cream_Beauty_Bathing_Soap (125GM),Personal Care,Chennai,Sankranti,10-01-2024,16-01-2024,1700,1500,-4,-200
e411c6,STHYD-4,CAMP_DIW_01,P15,3000,500 Cashback,323,965,Atliq_Home_Essential_8_Product_Combo,Combo1,Hyderabad,Diwali,12-11-2023,18-11-2023,969000,2895000,642,1926000
9ff4a9,STMDU-1,CAMP_DIW_01,P10,65,50% OFF,94,120,Atliq_Cream_Beauty_Bathing_Soap (125GM),Personal Care,Madurai,Diwali,12-11-2023,18-11-2023,6110,7800,26,1690
49706e,STMDU-3,CAMP_SAN_01,P15,3000,500 Cashback,120,274,Atliq_Home_Essential_8_Product_Combo,Combo1,Madurai,Sankranti,10-01-2024,16-01-2024,360000,822000,154,462000
7e28fb,STHYD-4,CAMP_DIW_01,P06,415,25% OFF,96,92,Atliq_Fusion_Container_Set_of_3,Home Care,Hyderabad,Diwali,12-11-2023,18-11-2023,39840,38180,-4,-1660
e4f1f3,STCBE-3,CAMP_SAN_01,P11,190,50% OFF,33,50,Atliq_Doodh_Kesar_Body_Lotion (200ML),Personal Care,Coimbatore,Sankranti,10-01-2024,16-01-2024,6270,9500,17,3230
af2b25,STBLR-7,CAMP_DIW_01,P13,350,BOGOF,85,338,Atliq_High_Glo_15W_LED_Bulb,Home Appliances,Bengaluru,Diwali,12-11-2023,18-11-2023,29750,118300,253,88550
fe4bf5,STCHE-4,CAMP_DIW_01,P06,415,25% OFF,91,80,Atliq_Fusion_Container_Set_of_3,Home Care,Chennai,Diwali,12-11-2023,18-11-2023,37765,33200,-11,-4565
d91475,STMYS-0,CAMP_DIW_01,P07,300,BOGOF,61,189,Atliq_Curtains,Home Care,Mysuru,Diwali,12-11-2023,18-11-2023,18300,56700,128,38400
09d857,STHYD-5,CAMP_DIW_01,P02,860,33% OFF,386,594,Atliq_Sonamasuri_Rice (10KG),Grocery & Staples,Hyderabad,Diwali,12-11-2023,18-11-2023,331960,510840,208,178880
aa96fc,STCHE-4,CAMP_SAN_01,P04,370,BOGOF,379,1603,Atliq_Farm_Chakki_Atta (1KG),Grocery & Staples,Chennai,Sankranti,10-01-2024,16-01-2024,140230,593110,1224,452880
2c893f,STCHE-3,CAMP_DIW_01,P12,62,50% OFF,103,129,Atliq_Lime_Cool_Bathing_Bar (125GM),Personal Care,Chennai,Diwali,12-11-2023,18-11-2023,6386,7998,26,1612
bac74e,STBLR-9,CAMP_SAN_01,P01,172,33% OFF,319,449,Atliq_Masoor_Dal (1KG),Grocery & Staples,Bengaluru,Sankranti,10-01-2024,16-01-2024,54868,77228,130,22360
31c430,STHYD-1,CAMP_SAN_01,P01,172,33% OFF,312,393,Atliq_Masoor_Dal (1KG),Grocery & Staples,Hyderabad,Sankranti,10-01-2024,16-01-2024,53664,67596,81,13932
432f1d,STBLR-4,CAMP_SAN_01,P05,55,25% OFF,19,15,Atliq_Scrub_Sponge_For_Dishwash,Home Care,Bengaluru,Sankranti,10-01-2024,16-01-2024,1045,825,-4,-220
6edb42,STBLR-8,CAMP_SAN_01,P10,50,25% OFF,36,26,Atliq_Cream_Beauty_Bathing_Soap (125GM),Personal Care,Bengaluru,Sankranti,10-01-2024,16-01-2024,1800,1300,-10,-500
115760,STMDU-2,CAMP_DIW_01,P07,300,BOGOF,43,147,Atliq_Curtains,Home Care,Madurai,Diwali,12-11-2023,18-11-2023,12900,44100,104,31200
acf9c2,STCHE-4,CAMP_SAN_01,P01,172,33% OFF,235,329,Atliq_Masoor_Dal (1KG),Grocery & Staples,Chennai,Sankranti,10-01-2024,16-01-2024,40420,56588,94,16168
0c9f61,STBLR-7,CAMP_SAN_01,P03,200,BOGOF,433,1883,Atliq_Suflower_Oil (1L),Grocery & Staples,Bengaluru,Sankranti,10-01-2024,16-01-2024,86600,376600,1450,290000
40baa1,STCBE-0,CAMP_SAN_01,P08,1190,BOGOF,42,167,Atliq_Double_Bedsheet_set,Home Care,Coimbatore,Sankranti,10-01-2024,16-01-2024,49980,198730,125,148750
ba7fb5,STCHE-0,CAMP_DIW_01,P05,55,25% OFF,119,107,Atliq_Scrub_Sponge_For_Dishwash,Home Care,Chennai,Diwali,12-11-2023,18-11-2023,6545,5885,-12,-660
555fcd,STVSK-3,CAMP_DIW_01,P13,350,BOGOF,57,178,Atliq_High_Glo_15W_LED_Bulb,Home Appliances,Visakhapatnam,Diwali,12-11-2023,18-11-2023,19950,62300,121,42350
c649ca,STMYS-1,CAMP_SAN_01,P02,860,33% OFF,595,886,Atliq_Sonamasuri_Rice (10KG),Grocery & Staples,Mysuru,Sankranti,10-01-2024,16-01-2024,511700,761960,291,250260
578a67,STBLR-2,CAMP_DIW_01,P11,190,50% OFF,101,131,Atliq_Doodh_Kesar_Body_Lotion (200ML),Personal Care,Bengaluru,Diwali,12-11-2023,18-11-2023,19190,24890,30,5700
35701b,STVJD-0,CAMP_DIW_01,P04,290,25% OFF,192,188,Atliq_Farm_Chakki_Atta (1KG),Grocery & Staples,Vijayawada,Diwali,12-11-2023,18-11-2023,55680,54520,-4,-1160
77c2be,STBLR-8,CAMP_DIW_01,P06,415,25% OFF,78,62,Atliq_Fusion_Container_Set_of_3,Home Care,Bengaluru,Diwali,12-11-2023,18-11-2023,32370,25730,-16,-6640
8cd89f,STHYD-0,CAMP_SAN_01,P03,200,BOGOF,363,1408,Atliq_Suflower_Oil (1L),Grocery & Staples,Hyderabad,Sankranti,10-01-2024,16-01-2024,72600,281600,1045,209000
21006,STVSK-2,CAMP_SAN_01,P03,200,BOGOF,192,754,Atliq_Suflower_Oil (1L),Grocery & Staples,Visakhapatnam,Sankranti,10-01-2024,16-01-2024,38400,150800,562,112400
1c3fb4,STMLR-1,CAMP_SAN_01,P02,860,33% OFF,237,327,Atliq_Sonamasuri_Rice (10KG),Grocery & Staples,Mangalore,Sankranti,10-01-2024,16-01-2024,203820,281220,90,77400
0e96b4,STCBE-4,CAMP_SAN_01,P14,1020,BOGOF,93,234,Atliq_waterproof_Immersion_Rod,Home Appliances,Coimbatore,Sankranti,10-01-2024,16-01-2024,94860,238680,141,143820
3ea7d6,STMYS-0,CAMP_SAN_01,P15,3000,500 Cashback,105,173,Atliq_Home_Essential_8_Product_Combo,Combo1,Mysuru,Sankranti,10-01-2024,16-01-2024,315000,519000,68,204000
fb508c,STBLR-9,CAMP_DIW_01,P15,3000,500 Cashback,358,1070,Atliq_Home_Essential_8_Product_Combo,Combo1,Bengaluru,Diwali,12-11-2023,18-11-2023,1074000,3210000,712,2136000
d671d3,STVSK-1,CAMP_DIW_01,P12,62,50% OFF,91,113,Atliq_Lime_Cool_Bathing_Bar (125GM),Personal Care,Visakhapatnam,Diwali,12-11-2023,18-11-2023,5642,7006,22,1364
365da3,STCBE-1,CAMP_SAN_01,P06,415,25% OFF,21,15,Atliq_Fusion_Container_Set_of_3,Home Care,Coimbatore,Sankranti,10-01-2024,16-01-2024,8715,6225,-6,-2490
33da9a,STHYD-5,CAMP_DIW_01,P14,1020,BOGOF,54,183,Atliq_waterproof_Immersion_Rod,Home Appliances,Hyderabad,Diwali,12-11-2023,18-11-2023,55080,186660,129,131580
e391bc,STHYD-0,CAMP_DIW_01,P09,110,50% OFF,77,113,Atliq_Body_Milk_Nourishing_Lotion (120ML),Personal Care,Hyderabad,Diwali,12-11-2023,18-11-2023,8470,12430,36,3960
cd4812,STMDU-3,CAMP_DIW_01,P07,300,BOGOF,47,162,Atliq_Curtains,Home Care,Madurai,Diwali,12-11-2023,18-11-2023,14100,48600,115,34500
c4123e,STCHE-7,CAMP_DIW_01,P02,860,33% OFF,336,507,Atliq_Sonamasuri_Rice (10KG),Grocery & Staples,Chennai,Diwali,12-11-2023,18-11-2023,288960,436020,171,147060
933f7e,STCHE-7,CAMP_DIW_01,P07,300,BOGOF,71,282,Atliq_Curtains,Home Care,Chennai,Diwali,12-11-2023,18-11-2023,21300,84600,211,63300
7c8fd1,STMYS-3,CAMP_DIW_01,P15,3000,500 Cashback,416,1472,Atliq_Home_Essential_8_Product_Combo,Combo1,Mysuru,Diwali,12-11-2023,18-11-2023,1248000,4416000,1056,3168000
4cd232,STVJD-0,CAMP_DIW_01,P14,1020,BOGOF,28,92,Atliq_waterproof_Immersion_Rod,Home Appliances,Vijayawada,Diwali,12-11-2023,18-11-2023,28560,93840,64,65280
65a802,STMLR-1,CAMP_SAN_01,P05,55,25% OFF,13,10,Atliq_Scrub_Sponge_For_Dishwash,Home Care,Mangalore,Sankranti,10-01-2024,16-01-2024,715,550,-3,-165
ffdcb8,STHYD-6,CAMP_SAN_01,P02,860,33% OFF,454,644,Atliq_Sonamasuri_Rice (10KG),Grocery & Staples,Hyderabad,Sankranti,10-01-2024,16-01-2024,390440,553840,190,163400
496b80,STHYD-4,CAMP_SAN_01,P15,3000,500 Cashback,118,253,Atliq_Home_Essential_8_Product_Combo,Combo1,Hyderabad,Sankranti,10-01-2024,16-01-2024,354000,759000,135,405000
4001c4,STBLR-6,CAMP_SAN_01,P04,370,BOGOF,402,1652,Atliq_Farm_Chakki_Atta (1KG),Grocery & Staples,Bengaluru,Sankranti,10-01-2024,16-01-2024,148740,611240,1250,462500
84dbe3,STHYD-1,CAMP_SAN_01,P07,300,BOGOF,51,140,Atliq_Curtains,Home Care,Hyderabad,Sankranti,10-01-2024,16-01-2024,15300,42000,89,26700
45c35a,STHYD-5,CAMP_SAN_01,P11,190,50% OFF,54,76,Atliq_Doodh_Kesar_Body_Lotion (200ML),Personal Care,Hyderabad,Sankranti,10-01-2024,16-01-2024,10260,14440,22,4180
6d343d,STHYD-6,CAMP_DIW_01,P12,62,50% OFF,133,167,Atliq_Lime_Cool_Bathing_Bar (125GM),Personal Care,Hyderabad,Diwali,12-11-2023,18-11-2023,8246,10354,34,2108
a672df,STMDU-1,CAMP_SAN_01,P12,62,50% OFF,36,49,Atliq_Lime_Cool_Bathing_Bar (125GM),Personal Care,Madurai,Sankranti,10-01-2024,16-01-2024,2232,3038,13,806
ba0b3e,STBLR-7,CAMP_SAN_01,P07,300,BOGOF,40,165,Atliq_Curtains,Home Care,Bengaluru,Sankranti,10-01-2024,16-01-2024,12000,49500,125,37500
5.23E+42,STCHE-5,CAMP_DIW_01,P15,3000,500 Cashback,388,1187,Atliq_Home_Essential_8_Product_Combo,Combo1,Chennai,Diwali,12-11-2023,18-11-2023,1164000,3561000,799,2397000
faeeb8,STHYD-2,CAMP_DIW_01,P09,110,50% OFF,80,107,Atliq_Body_Milk_Nourishing_Lotion (120ML),Personal Care,Hyderabad,Diwali,12-11-2023,18-11-2023,8800,11770,27,2970
3adeb2,STMYS-0,CAMP_SAN_01,P14,1020,BOGOF,84,219,Atliq_waterproof_Immersion_Rod,Home Appliances,Mysuru,Sankranti,10-01-2024,16-01-2024,85680,223380,135,137700
a40872,STBLR-7,CAMP_DIW_01,P14,1020,BOGOF,47,189,Atliq_waterproof_Immersion_Rod,Home Appliances,Bengaluru,Diwali,12-11-2023,18-11-2023,47940,192780,142,144840
35e3ec,STMDU-1,CAMP_SAN_01,P07,300,BOGOF,40,154,Atliq_Curtains,Home Care,Madurai,Sankranti,10-01-2024,16-01-2024,12000,46200,114,34200
8a7e7e,STMYS-0,CAMP_SAN_01,P03,200,BOGOF,333,869,Atliq_Suflower_Oil (1L),Grocery & Staples,Mysuru,Sankranti,10-01-2024,16-01-2024,66600,173800,536,107200
b4867e,STCHE-6,CAMP_SAN_01,P11,190,50% OFF,57,79,Atliq_Doodh_Kesar_Body_Lotion (200ML),Personal Care,Chennai,Sankranti,10-01-2024,16-01-2024,10830,15010,22,4180
cea0e2,STCHE-2,CAMP_DIW_01,P11,190,50% OFF,73,84,Atliq_Doodh_Kesar_Body_Lotion (200ML),Personal Care,Chennai,Diwali,12-11-2023,18-11-2023,13870,15960,11,2090
a6a18f,STHYD-6,CAMP_SAN_01,P06,415,25% OFF,34,27,Atliq_Fusion_Container_Set_of_3,Home Care,Hyderabad,Sankranti,10-01-2024,16-01-2024,14110,11205,-7,-2905
1fcfc6,STVSK-0,CAMP_SAN_01,P11,190,50% OFF,31,46,Atliq_Doodh_Kesar_Body_Lotion (200ML),Personal Care,Visakhapatnam,Sankranti,10-01-2024,16-01-2024,5890,8740,15,2850
5dda21,STCBE-0,CAMP_SAN_01,P14,1020,BOGOF,69,274,Atliq_waterproof_Immersion_Rod,Home Appliances,Coimbatore,Sankranti,10-01-2024,16-01-2024,70380,279480,205,209100
b5cd07,STVSK-3,CAMP_SAN_01,P01,172,33% OFF,222,275,Atliq_Masoor_Dal (1KG),Grocery & Staples,Visakhapatnam,Sankranti,10-01-2024,16-01-2024,38184,47300,53,9116
1a1edd,STBLR-7,CAMP_DIW_01,P03,156,25% OFF,343,301,Atliq_Suflower_Oil (1L),Grocery & Staples,Bengaluru,Diwali,12-11-2023,18-11-2023,53508,46956,-42,-6552
f682ec,STBLR-0,CAMP_SAN_01,P01,172,33% OFF,273,382,Atliq_Masoor_Dal (1KG),Grocery & Staples,Bengaluru,Sankranti,10-01-2024,16-01-2024,46956,65704,109,18748
693708,STBLR-3,CAMP_SAN_01,P03,200,BOGOF,454,1788,Atliq_Suflower_Oil (1L),Grocery & Staples,Bengaluru,Sankranti,10-01-2024,16-01-2024,90800,357600,1334,266800
349c73,STCHE-2,CAMP_DIW_01,P14,1020,BOGOF,57,189,Atliq_waterproof_Immersion_Rod,Home Appliances,Chennai,Diwali,12-11-2023,18-11-2023,58140,192780,132,134640
50802a,STCHE-3,CAMP_DIW_01,P07,300,BOGOF,64,257,Atliq_Curtains,Home Care,Chennai,Diwali,12-11-2023,18-11-2023,19200,77100,193,57900
e4b7e4,STHYD-6,CAMP_DIW_01,P09,110,50% OFF,78,102,Atliq_Body_Milk_Nourishing_Lotion (120ML),Personal Care,Hyderabad,Diwali,12-11-2023,18-11-2023,8580,11220,24,2640
5bfb5e,STCBE-4,CAMP_DIW_01,P10,65,50% OFF,57,72,Atliq_Cream_Beauty_Bathing_Soap (125GM),Personal Care,Coimbatore,Diwali,12-11-2023,18-11-2023,3705,4680,15,975
6af3e0,STBLR-6,CAMP_SAN_01,P14,1020,BOGOF,103,444,Atliq_waterproof_Immersion_Rod,Home Appliances,Bengaluru,Sankranti,10-01-2024,16-01-2024,105060,452880,341,347820
6b74c8,STBLR-5,CAMP_DIW_01,P15,3000,500 Cashback,379,1095,Atliq_Home_Essential_8_Product_Combo,Combo1,Bengaluru,Diwali,12-11-2023,18-11-2023,1137000,3285000,716,2148000
ec9948,STCBE-2,CAMP_DIW_01,P05,55,25% OFF,99,86,Atliq_Scrub_Sponge_For_Dishwash,Home Care,Coimbatore,Diwali,12-11-2023,18-11-2023,5445,4730,-13,-715
c24879,STCBE-1,CAMP_SAN_01,P04,370,BOGOF,370,1439,Atliq_Farm_Chakki_Atta (1KG),Grocery & Staples,Coimbatore,Sankranti,10-01-2024,16-01-2024,136900,532430,1069,395530
3c0536,STBLR-4,CAMP_SAN_01,P03,200,BOGOF,415,1622,Atliq_Suflower_Oil (1L),Grocery & Staples,Bengaluru,Sankranti,10-01-2024,16-01-2024,83000,324400,1207,241400
19bc3b,STMDU-1,CAMP_DIW_01,P09,110,50% OFF,47,62,Atliq_Body_Milk_Nourishing_Lotion (120ML),Personal Care,Madurai,Diwali,12-11-2023,18-11-2023,5170,6820,15,1650
691b63,STCHE-6,CAMP_DIW_01,P15,3000,500 Cashback,432,1291,Atliq_Home_Essential_8_Product_Combo,Combo1,Chennai,Diwali,12-11-2023,18-11-2023,1296000,3873000,859,2577000
3ace0f,STVSK-2,CAMP_DIW_01,P09,110,50% OFF,64,98,Atliq_Body_Milk_Nourishing_Lotion (120ML),Personal Care,Visakhapatnam,Diwali,12-11-2023,18-11-2023,7040,10780,34,3740
8cee6d,STCBE-3,CAMP_DIW_01,P14,1020,BOGOF,22,73,Atliq_waterproof_Immersion_Rod,Home Appliances,Coimbatore,Diwali,12-11-2023,18-11-2023,22440,74460,51,52020
1f03e5,STVJD-0,CAMP_DIW_01,P13,350,BOGOF,45,157,Atliq_High_Glo_15W_LED_Bulb,Home Appliances,Vijayawada,Diwali,12-11-2023,18-11-2023,15750,54950,112,39200
d3227b,STMYS-2,CAMP_DIW_01,P04,290,25% OFF,343,312,Atliq_Farm_Chakki_Atta (1KG),Grocery & Staples,Mysuru,Diwali,12-11-2023,18-11-2023,99470,90480,-31,-8990
731f58,STMYS-0,CAMP_SAN_01,P05,55,25% OFF,28,22,Atliq_Scrub_Sponge_For_Dishwash,Home Care,Mysuru,Sankranti,10-01-2024,16-01-2024,1540,1210,-6,-330
98e55f,STBLR-4,CAMP_DIW_01,P06,415,25% OFF,101,90,Atliq_Fusion_Container_Set_of_3,Home Care,Bengaluru,Diwali,12-11-2023,18-11-2023,41915,37350,-11,-4565
dee3e9,STCBE-0,CAMP_SAN_01,P03,200,BOGOF,384,1509,Atliq_Suflower_Oil (1L),Grocery & Staples,Coimbatore,Sankranti,10-01-2024,16-01-2024,76800,301800,1125,225000
3.59E+89,STBLR-3,CAMP_SAN_01,P06,415,25% OFF,22,16,Atliq_Fusion_Container_Set_of_3,Home Care,Bengaluru,Sankranti,10-01-2024,16-01-2024,9130,6640,-6,-2490
4c1375,STHYD-4,CAMP_DIW_01,P10,65,50% OFF,148,196,Atliq_Cream_Beauty_Bathing_Soap (125GM),Personal Care,Hyderabad,Diwali,12-11-2023,18-11-2023,9620,12740,48,3120
480431,STVSK-2,CAMP_SAN_01,P04,370,BOGOF,408,1607,Atliq_Farm_Chakki_Atta (1KG),Grocery & Staples,Visakhapatnam,Sankranti,10-01-2024,16-01-2024,150960,594590,1199,443630
6d153f,STHYD-5,CAMP_SAN_01,P15,3000,500 Cashback,122,272,Atliq_Home_Essential_8_Product_Combo,Combo1,Hyderabad,Sankranti,10-01-2024,16-01-2024,366000,816000,150,450000
508621,STCBE-2,CAMP_SAN_01,P02,860,33% OFF,508,751,Atliq_Sonamasuri_Rice (10KG),Grocery & Staples,Coimbatore,Sankranti,10-01-2024,16-01-2024,436880,645860,243,208980
1fc58f,STMDU-1,CAMP_SAN_01,P01,172,33% OFF,244,334,Atliq_Masoor_Dal (1KG),Grocery & Staples,Madurai,Sankranti,10-01-2024,16-01-2024,41968,57448,90,15480
a25cbf,STCHE-2,CAMP_DIW_01,P04,290,25% OFF,295,289,Atliq_Farm_Chakki_Atta (1KG),Grocery & Staples,Chennai,Diwali,12-11-2023,18-11-2023,85550,83810,-6,-1740
adf52a,STBLR-6,CAMP_DIW_01,P14,1020,BOGOF,47,179,Atliq_waterproof_Immersion_Rod,Home Appliances,Bengaluru,Diwali,12-11-2023,18-11-2023,47940,182580,132,134640
c9899d,STTRV-1,CAMP_DIW_01,P02,860,33% OFF,199,300,Atliq_Sonamasuri_Rice (10KG),Grocery & Staples,Trivandrum,Diwali,12-11-2023,18-11-2023,171140,258000,101,86860
17195,STCHE-4,CAMP_SAN_01,P11,190,50% OFF,45,64,Atliq_Doodh_Kesar_Body_Lotion (200ML),Personal Care,Chennai,Sankranti,10-01-2024,16-01-2024,8550,12160,19,3610
e875c6,STCBE-2,CAMP_DIW_01,P03,156,25% OFF,225,195,Atliq_Suflower_Oil (1L),Grocery & Staples,Coimbatore,Diwali,12-11-2023,18-11-2023,35100,30420,-30,-4680
69557f,STBLR-1,CAMP_DIW_01,P10,65,50% OFF,106,137,Atliq_Cream_Beauty_Bathing_Soap (125GM),Personal Care,Bengaluru,Diwali,12-11-2023,18-11-2023,6890,8905,31,2015
65f85a,STBLR-7,CAMP_SAN_01,P12,62,50% OFF,58,92,Atliq_Lime_Cool_Bathing_Bar (125GM),Personal Care,Bengaluru,Sankranti,10-01-2024,16-01-2024,3596,5704,34,2108
f45be0,STCHE-2,CAMP_SAN_01,P05,55,25% OFF,25,23,Atliq_Scrub_Sponge_For_Dishwash,Home Care,Chennai,Sankranti,10-01-2024,16-01-2024,1375,1265,-2,-110
491ff2,STVJD-1,CAMP_SAN_01,P12,62,50% OFF,30,42,Atliq_Lime_Cool_Bathing_Bar (125GM),Personal Care,Vijayawada,Sankranti,10-01-2024,16-01-2024,1860,2604,12,744
b7286f,STBLR-5,CAMP_SAN_01,P02,860,33% OFF,507,704,Atliq_Sonamasuri_Rice (10KG),Grocery & Staples,Bengaluru,Sankranti,10-01-2024,16-01-2024,436020,605440,197,169420
45512d,STMYS-3,CAMP_SAN_01,P04,370,BOGOF,336,1434,Atliq_Farm_Chakki_Atta (1KG),Grocery & Staples,Mysuru,Sankranti,10-01-2024,16-01-2024,124320,530580,1098,406260
edac38,STBLR-1,CAMP_DIW_01,P11,190,50% OFF,70,93,Atliq_Doodh_Kesar_Body_Lotion (200ML),Personal Care,Bengaluru,Diwali,12-11-2023,18-11-2023,13300,17670,23,4370
4572a3,STCHE-1,CAMP_SAN_01,P11,190,50% OFF,48,55,Atliq_Doodh_Kesar_Body_Lotion (200ML),Personal Care,Chennai,Sankranti,10-01-2024,16-01-2024,9120,10450,7,1330
896c2a,STTRV-0,CAMP_DIW_01,P04,290,25% OFF,180,171,Atliq_Farm_Chakki_Atta (1KG),Grocery & Staples,Trivandrum,Diwali,12-11-2023,18-11-2023,52200,49590,-9,-2610
308de6,STMDU-2,CAMP_DIW_01,P01,172,33% OFF,225,279,Atliq_Masoor_Dal (1KG),Grocery & Staples,Madurai,Diwali,12-11-2023,18-11-2023,38700,47988,54,9288
4fc1b2,STCHE-2,CAMP_DIW_01,P08,1190,BOGOF,47,165,Atliq_Double_Bedsheet_set,Home Care,Chennai,Diwali,12-11-2023,18-11-2023,55930,196350,118,140420
a7fecb,STBLR-1,CAMP_SAN_01,P03,200,BOGOF,361,963,Atliq_Suflower_Oil (1L),Grocery & Staples,Bengaluru,Sankranti,10-01-2024,16-01-2024,72200,192600,602,120400
8564bb,STVSK-4,CAMP_SAN_01,P04,370,BOGOF,291,762,Atliq_Farm_Chakki_Atta (1KG),Grocery & Staples,Visakhapatnam,Sankranti,10-01-2024,16-01-2024,107670,281940,471,174270
11ea6f,STMDU-2,CAMP_DIW_01,P04,290,25% OFF,271,243,Atliq_Farm_Chakki_Atta (1KG),Grocery & Staples,Madurai,Diwali,12-11-2023,18-11-2023,78590,70470,-28,-8120
cca40f,STBLR-1,CAMP_SAN_01,P12,62,50% OFF,73,102,Atliq_Lime_Cool_Bathing_Bar (125GM),Personal Care,Bengaluru,Sankranti,10-01-2024,16-01-2024,4526,6324,29,1798
f97b6d,STMLR-2,CAMP_DIW_01,P07,300,BOGOF,33,115,Atliq_Curtains,Home Care,Mangalore,Diwali,12-11-2023,18-11-2023,9900,34500,82,24600
69a3d2,STTRV-1,CAMP_SAN_01,P08,1190,BOGOF,24,92,Atliq_Double_Bedsheet_set,Home Care,Trivandrum,Sankranti,10-01-2024,16-01-2024,28560,109480,68,80920
bdfb7d,STHYD-4,CAMP_SAN_01,P05,55,25% OFF,16,15,Atliq_Scrub_Sponge_For_Dishwash,Home Care,Hyderabad,Sankranti,10-01-2024,16-01-2024,880,825,-1,-55
30f1c0,STVJD-1,CAMP_SAN_01,P07,300,BOGOF,22,88,Atliq_Curtains,Home Care,Vijayawada,Sankranti,10-01-2024,16-01-2024,6600,26400,66,19800
390df2,STBLR-0,CAMP_SAN_01,P06,415,25% OFF,31,26,Atliq_Fusion_Container_Set_of_3,Home Care,Bengaluru,Sankranti,10-01-2024,16-01-2024,12865,10790,-5,-2075
e0844a,STTRV-1,CAMP_DIW_01,P10,65,50% OFF,64,80,Atliq_Cream_Beauty_Bathing_Soap (125GM),Personal Care,Trivandrum,Diwali,12-11-2023,18-11-2023,4160,5200,16,1040
0a0062,STHYD-4,CAMP_DIW_01,P12,62,50% OFF,110,146,Atliq_Lime_Cool_Bathing_Bar (125GM),Personal Care,Hyderabad,Diwali,12-11-2023,18-11-2023,6820,9052,36,2232
886ef2,STMLR-2,CAMP_DIW_01,P08,1190,BOGOF,22,73,Atliq_Double_Bedsheet_set,Home Care,Mangalore,Diwali,12-11-2023,18-11-2023,26180,86870,51,60690
2ef46d,STMDU-0,CAMP_DIW_01,P02,860,33% OFF,278,430,Atliq_Sonamasuri_Rice (10KG),Grocery & Staples,Madurai,Diwali,12-11-2023,18-11-2023,239080,369800,152,130720
52d20e,STHYD-1,CAMP_DIW_01,P10,65,50% OFF,134,156,Atliq_Cream_Beauty_Bathing_Soap (125GM),Personal Care,Hyderabad,Diwali,12-11-2023,18-11-2023,8710,10140,22,1430
785811,STCHE-0,CAMP_SAN_01,P10,50,25% OFF,25,20,Atliq_Cream_Beauty_Bathing_Soap (125GM),Personal Care,Chennai,Sankranti,10-01-2024,16-01-2024,1250,1000,-5,-250
3952a0,STHYD-2,CAMP_SAN_01,P13,350,BOGOF,114,441,Atliq_High_Glo_15W_LED_Bulb,Home Appliances,Hyderabad,Sankranti,10-01-2024,16-01-2024,39900,154350,327,114450
ed2257,STBLR-2,CAMP_DIW_01,P01,172,33% OFF,358,529,Atliq_Masoor_Dal (1KG),Grocery & Staples,Bengaluru,Diwali,12-11-2023,18-11-2023,61576,90988,171,29412
02c389,STBLR-8,CAMP_DIW_01,P12,62,50% OFF,120,159,Atliq_Lime_Cool_Bathing_Bar (125GM),Personal Care,Bengaluru,Diwali,12-11-2023,18-11-2023,7440,9858,39,2418
a937e8,STMDU-3,CAMP_SAN_01,P14,1020,BOGOF,87,347,Atliq_waterproof_Immersion_Rod,Home Appliances,Madurai,Sankranti,10-01-2024,16-01-2024,88740,353940,260,265200
aabcfb,STVSK-3,CAMP_SAN_01,P02,860,33% OFF,345,438,Atliq_Sonamasuri_Rice (10KG),Grocery & Staples,Visakhapatnam,Sankranti,10-01-2024,16-01-2024,296700,376680,93,79980
5f8870,STMYS-1,CAMP_DIW_01,P13,350,BOGOF,70,270,Atliq_High_Glo_15W_LED_Bulb,Home Appliances,Mysuru,Diwali,12-11-2023,18-11-2023,24500,94500,200,70000
e207f7,STCHE-1,CAMP_DIW_01,P11,190,50% OFF,77,83,Atliq_Doodh_Kesar_Body_Lotion (200ML),Personal Care,Chennai,Diwali,12-11-2023,18-11-2023,14630,15770,6,1140
9154f0,STCHE-4,CAMP_DIW_01,P11,190,50% OFF,91,123,Atliq_Doodh_Kesar_Body_Lotion (200ML),Personal Care,Chennai,Diwali,12-11-2023,18-11-2023,17290,23370,32,6080
e24a3a,STVSK-1,CAMP_DIW_01,P07,300,BOGOF,49,170,Atliq_Curtains,Home Care,Visakhapatnam,Diwali,12-11-2023,18-11-2023,14700,51000,121,36300
8c62ba,STVSK-0,CAMP_DIW_01,P01,172,33% OFF,161,265,Atliq_Masoor_Dal (1KG),Grocery & Staples,Visakhapatnam,Diwali,12-11-2023,18-11-2023,27692,45580,104,17888
835bbe,STHYD-4,CAMP_SAN_01,P09,90,25% OFF,54,49,Atliq_Body_Milk_Nourishing_Lotion (120ML),Personal Care,Hyderabad,Sankranti,10-01-2024,16-01-2024,4860,4410,-5,-450
4fe9ba,STVSK-2,CAMP_DIW_01,P07,300,BOGOF,45,150,Atliq_Curtains,Home Care,Visakhapatnam,Diwali,12-11-2023,18-11-2023,13500,45000,105,31500
e2c5f7,STTRV-0,CAMP_DIW_01,P08,1190,BOGOF,31,102,Atliq_Double_Bedsheet_set,Home Care,Trivandrum,Diwali,12-11-2023,18-11-2023,36890,121380,71,84490
8f66c3,STMLR-1,CAMP_SAN_01,P01,172,33% OFF,126,175,Atliq_Masoor_Dal (1KG),Grocery & Staples,Mangalore,Sankranti,10-01-2024,16-01-2024,21672,30100,49,8428
9871ea,STVSK-1,CAMP_SAN_01,P10,50,25% OFF,25,18,Atliq_Cream_Beauty_Bathing_Soap (125GM),Personal Care,Visakhapatnam,Sankranti,10-01-2024,16-01-2024,1250,900,-7,-350
b27f2a,STBLR-6,CAMP_SAN_01,P10,50,25% OFF,37,30,Atliq_Cream_Beauty_Bathing_Soap (125GM),Personal Care,Bengaluru,Sankranti,10-01-2024,16-01-2024,1850,1500,-7,-350
e88818,STCHE-7,CAMP_DIW_01,P06,415,25% OFF,82,79,Atliq_Fusion_Container_Set_of_3,Home Care,Chennai,Diwali,12-11-2023,18-11-2023,34030,32785,-3,-1245
eae379,STVJD-0,CAMP_DIW_01,P01,172,33% OFF,161,231,Atliq_Masoor_Dal (1KG),Grocery & Staples,Vijayawada,Diwali,12-11-2023,18-11-2023,27692,39732,70,12040
8937eb,STCHE-1,CAMP_DIW_01,P03,156,25% OFF,357,317,Atliq_Suflower_Oil (1L),Grocery & Staples,Chennai,Diwali,12-11-2023,18-11-2023,55692,49452,-40,-6240
718bb4,STHYD-2,CAMP_DIW_01,P12,62,50% OFF,129,165,Atliq_Lime_Cool_Bathing_Bar (125GM),Personal Care,Hyderabad,Diwali,12-11-2023,18-11-2023,7998,10230,36,2232
6f3721,STMDU-3,CAMP_SAN_01,P13,350,BOGOF,118,464,Atliq_High_Glo_15W_LED_Bulb,Home Appliances,Madurai,Sankranti,10-01-2024,16-01-2024,41300,162400,346,121100
366c89,STMDU-3,CAMP_SAN_01,P06,415,25% OFF,25,20,Atliq_Fusion_Container_Set_of_3,Home Care,Madurai,Sankranti,10-01-2024,16-01-2024,10375,8300,-5,-2075
a304b6,STHYD-3,CAMP_DIW_01,P03,156,25% OFF,285,222,Atliq_Suflower_Oil (1L),Grocery & Staples,Hyderabad,Diwali,12-11-2023,18-11-2023,44460,34632,-63,-9828
32d8f2,STCHE-5,CAMP_SAN_01,P05,55,25% OFF,31,26,Atliq_Scrub_Sponge_For_Dishwash,Home Care,Chennai,Sankranti,10-01-2024,16-01-2024,1705,1430,-5,-275
2f0b42,STVSK-1,CAMP_SAN_01,P01,172,33% OFF,213,302,Atliq_Masoor_Dal (1KG),Grocery & Staples,Visakhapatnam,Sankranti,10-01-2024,16-01-2024,36636,51944,89,15308
c0929c,STHYD-0,CAMP_SAN_01,P05,55,25% OFF,18,14,Atliq_Scrub_Sponge_For_Dishwash,Home Care,Hyderabad,Sankranti,10-01-2024,16-01-2024,990,770,-4,-220
86196b,STTRV-0,CAMP_SAN_01,P06,415,25% OFF,13,11,Atliq_Fusion_Container_Set_of_3,Home Care,Trivandrum,Sankranti,10-01-2024,16-01-2024,5395,4565,-2,-830
e621c9,STMLR-0,CAMP_SAN_01,P11,190,50% OFF,27,39,Atliq_Doodh_Kesar_Body_Lotion (200ML),Personal Care,Mangalore,Sankranti,10-01-2024,16-01-2024,5130,7410,12,2280
bb77b1,STMYS-3,CAMP_DIW_01,P14,1020,BOGOF,54,206,Atliq_waterproof_Immersion_Rod,Home Appliances,Mysuru,Diwali,12-11-2023,18-11-2023,55080,210120,152,155040
811007,STBLR-9,CAMP_SAN_01,P05,55,25% OFF,27,25,Atliq_Scrub_Sponge_For_Dishwash,Home Care,Bengaluru,Sankranti,10-01-2024,16-01-2024,1485,1375,-2,-110
c405b3,STCBE-2,CAMP_DIW_01,P04,290,25% OFF,252,221,Atliq_Farm_Chakki_Atta (1KG),Grocery & Staples,Coimbatore,Diwali,12-11-2023,18-11-2023,73080,64090,-31,-8990
2.36E+34,STMDU-1,CAMP_DIW_01,P11,190,50% OFF,52,65,Atliq_Doodh_Kesar_Body_Lotion (200ML),Personal Care,Madurai,Diwali,12-11-2023,18-11-2023,9880,12350,13,2470
1490b8,STMDU-2,CAMP_SAN_01,P04,370,BOGOF,361,1397,Atliq_Farm_Chakki_Atta (1KG),Grocery & Staples,Madurai,Sankranti,10-01-2024,16-01-2024,133570,516890,1036,383320
cc5ed4,STMYS-2,CAMP_DIW_01,P03,156,25% OFF,444,395,Atliq_Suflower_Oil (1L),Grocery & Staples,Mysuru,Diwali,12-11-2023,18-11-2023,69264,61620,-49,-7644
583386,STBLR-9,CAMP_SAN_01,P08,1190,BOGOF,63,254,Atliq_Double_Bedsheet_set,Home Care,Bengaluru,Sankranti,10-01-2024,16-01-2024,74970,302260,191,227290
ebc2d2,STVSK-4,CAMP_DIW_01,P06,415,25% OFF,70,53,Atliq_Fusion_Container_Set_of_3,Home Care,Visakhapatnam,Diwali,12-11-2023,18-11-2023,29050,21995,-17,-7055
7d3d63,STCHE-1,CAMP_DIW_01,P13,350,BOGOF,68,205,Atliq_High_Glo_15W_LED_Bulb,Home Appliances,Chennai,Diwali,12-11-2023,18-11-2023,23800,71750,137,47950
6ebca9,STTRV-0,CAMP_SAN_01,P13,350,BOGOF,60,240,Atliq_High_Glo_15W_LED_Bulb,Home Appliances,Trivandrum,Sankranti,10-01-2024,16-01-2024,21000,84000,180,63000
48d526,STCHE-7,CAMP_SAN_01,P15,3000,500 Cashback,115,332,Atliq_Home_Essential_8_Product_Combo,Combo1,Chennai,Sankranti,10-01-2024,16-01-2024,345000,996000,217,651000
716abd,STMYS-1,CAMP_SAN_01,P08,1190,BOGOF,54,238,Atliq_Double_Bedsheet_set,Home Care,Mysuru,Sankranti,10-01-2024,16-01-2024,64260,283220,184,218960
fa0c0c,STCBE-1,CAMP_DIW_01,P13,350,BOGOF,40,132,Atliq_High_Glo_15W_LED_Bulb,Home Appliances,Coimbatore,Diwali,12-11-2023,18-11-2023,14000,46200,92,32200
c15780,STVJD-1,CAMP_SAN_01,P04,370,BOGOF,183,708,Atliq_Farm_Chakki_Atta (1KG),Grocery & Staples,Vijayawada,Sankranti,10-01-2024,16-01-2024,67710,261960,525,194250
e17280,STVSK-2,CAMP_DIW_01,P08,1190,BOGOF,38,129,Atliq_Double_Bedsheet_set,Home Care,Visakhapatnam,Diwali,12-11-2023,18-11-2023,45220,153510,91,108290
388a78,STMDU-0,CAMP_SAN_01,P03,200,BOGOF,307,1277,Atliq_Suflower_Oil (1L),Grocery & Staples,Madurai,Sankranti,10-01-2024,16-01-2024,61400,255400,970,194000
e116d8,STVSK-4,CAMP_DIW_01,P12,62,50% OFF,98,133,Atliq_Lime_Cool_Bathing_Bar (125GM),Personal Care,Visakhapatnam,Diwali,12-11-2023,18-11-2023,6076,8246,35,2170
9cf38e,STCBE-3,CAMP_SAN_01,P09,90,25% OFF,40,32,Atliq_Body_Milk_Nourishing_Lotion (120ML),Personal Care,Coimbatore,Sankranti,10-01-2024,16-01-2024,3600,2880,-8,-720
e97ac0,STTRV-0,CAMP_SAN_01,P12,62,50% OFF,22,30,Atliq_Lime_Cool_Bathing_Bar (125GM),Personal Care,Trivandrum,Sankranti,10-01-2024,16-01-2024,1364,1860,8,496
02fe6a,STMLR-1,CAMP_DIW_01,P04,290,25% OFF,152,133,Atliq_Farm_Chakki_Atta (1KG),Grocery & Staples,Mangalore,Diwali,12-11-2023,18-11-2023,44080,38570,-19,-5510
a34aa4,STBLR-5,CAMP_DIW_01,P03,156,25% OFF,369,332,Atliq_Suflower_Oil (1L),Grocery & Staples,Bengaluru,Diwali,12-11-2023,18-11-2023,57564,51792,-37,-5772
7f1521,STMYS-1,CAMP_SAN_01,P05,55,25% OFF,19,14,Atliq_Scrub_Sponge_For_Dishwash,Home Care,Mysuru,Sankranti,10-01-2024,16-01-2024,1045,770,-5,-275
8d14e2,STBLR-8,CAMP_DIW_01,P05,55,25% OFF,105,82,Atliq_Scrub_Sponge_For_Dishwash,Home Care,Bengaluru,Diwali,12-11-2023,18-11-2023,5775,4510,-23,-1265
7a22bc,STBLR-6,CAMP_DIW_01,P01,172,33% OFF,283,492,Atliq_Masoor_Dal (1KG),Grocery & Staples,Bengaluru,Diwali,12-11-2023,18-11-2023,48676,84624,209,35948
32c24e,STBLR-8,CAMP_DIW_01,P02,860,33% OFF,392,568,Atliq_Sonamasuri_Rice (10KG),Grocery & Staples,Bengaluru,Diwali,12-11-2023,18-11-2023,337120,488480,176,151360
966652,STCBE-3,CAMP_DIW_01,P05,55,25% OFF,64,55,Atliq_Scrub_Sponge_For_Dishwash,Home Care,Coimbatore,Diwali,12-11-2023,18-11-2023,3520,3025,-9,-495
acaff0,STHYD-0,CAMP_DIW_01,P12,62,50% OFF,133,195,Atliq_Lime_Cool_Bathing_Bar (125GM),Personal Care,Hyderabad,Diwali,12-11-2023,18-11-2023,8246,12090,62,3844
b91c31,STMYS-1,CAMP_DIW_01,P05,55,25% OFF,89,71,Atliq_Scrub_Sponge_For_Dishwash,Home Care,Mysuru,Diwali,12-11-2023,18-11-2023,4895,3905,-18,-990
05e55f,STBLR-0,CAMP_SAN_01,P03,200,BOGOF,415,1759,Atliq_Suflower_Oil (1L),Grocery & Staples,Bengaluru,Sankranti,10-01-2024,16-01-2024,83000,351800,1344,268800
108d5a,STCBE-0,CAMP_DIW_01,P14,1020,BOGOF,29,101,Atliq_waterproof_Immersion_Rod,Home Appliances,Coimbatore,Diwali,12-11-2023,18-11-2023,29580,103020,72,73440
160abb,STCBE-3,CAMP_SAN_01,P02,860,33% OFF,336,534,Atliq_Sonamasuri_Rice (10KG),Grocery & Staples,Coimbatore,Sankranti,10-01-2024,16-01-2024,288960,459240,198,170280
613571,STTRV-1,CAMP_DIW_01,P15,3000,500 Cashback,168,514,Atliq_Home_Essential_8_Product_Combo,Combo1,Trivandrum,Diwali,12-11-2023,18-11-2023,504000,1542000,346,1038000
fea4be,STMYS-3,CAMP_SAN_01,P07,300,BOGOF,30,129,Atliq_Curtains,Home Care,Mysuru,Sankranti,10-01-2024,16-01-2024,9000,38700,99,29700
d33301,STHYD-0,CAMP_DIW_01,P05,55,25% OFF,98,88,Atliq_Scrub_Sponge_For_Dishwash,Home Care,Hyderabad,Diwali,12-11-2023,18-11-2023,5390,4840,-10,-550
675714,STCBE-3,CAMP_DIW_01,P13,350,BOGOF,61,201,Atliq_High_Glo_15W_LED_Bulb,Home Appliances,Coimbatore,Diwali,12-11-2023,18-11-2023,21350,70350,140,49000
4cefe1,STMYS-1,CAMP_DIW_01,P12,62,50% OFF,127,185,Atliq_Lime_Cool_Bathing_Bar (125GM),Personal Care,Mysuru,Diwali,12-11-2023,18-11-2023,7874,11470,58,3596
34395c,STBLR-0,CAMP_DIW_01,P15,3000,500 Cashback,434,1514,Atliq_Home_Essential_8_Product_Combo,Combo1,Bengaluru,Diwali,12-11-2023,18-11-2023,1302000,4542000,1080,3240000
90b5b0,STBLR-3,CAMP_SAN_01,P05,55,25% OFF,25,18,Atliq_Scrub_Sponge_For_Dishwash,Home Care,Bengaluru,Sankranti,10-01-2024,16-01-2024,1375,990,-7,-385
6e79d3,STBLR-2,CAMP_SAN_01,P04,370,BOGOF,373,1439,Atliq_Farm_Chakki_Atta (1KG),Grocery & Staples,Bengaluru,Sankranti,10-01-2024,16-01-2024,138010,532430,1066,394420
79bfae,STMYS-2,CAMP_DIW_01,P10,65,50% OFF,134,182,Atliq_Cream_Beauty_Bathing_Soap (125GM),Personal Care,Mysuru,Diwali,12-11-2023,18-11-2023,8710,11830,48,3120
5202ed,STBLR-4,CAMP_DIW_01,P03,156,25% OFF,306,275,Atliq_Suflower_Oil (1L),Grocery & Staples,Bengaluru,Diwali,12-11-2023,18-11-2023,47736,42900,-31,-4836
e31e72,STHYD-4,CAMP_SAN_01,P10,50,25% OFF,33,31,Atliq_Cream_Beauty_Bathing_Soap (125GM),Personal Care,Hyderabad,Sankranti,10-01-2024,16-01-2024,1650,1550,-2,-100
3131b7,STMYS-3,CAMP_SAN_01,P09,90,25% OFF,54,45,Atliq_Body_Milk_Nourishing_Lotion (120ML),Personal Care,Mysuru,Sankranti,10-01-2024,16-01-2024,4860,4050,-9,-810
d134e0,STBLR-3,CAMP_DIW_01,P15,3000,500 Cashback,442,1365,Atliq_Home_Essential_8_Product_Combo,Combo1,Bengaluru,Diwali,12-11-2023,18-11-2023,1326000,4095000,923,2769000
605f5e,STVJD-0,CAMP_DIW_01,P06,415,25% OFF,52,50,Atliq_Fusion_Container_Set_of_3,Home Care,Vijayawada,Diwali,12-11-2023,18-11-2023,21580,20750,-2,-830
d622c3,STHYD-0,CAMP_SAN_01,P10,50,25% OFF,25,20,Atliq_Cream_Beauty_Bathing_Soap (125GM),Personal Care,Hyderabad,Sankranti,10-01-2024,16-01-2024,1250,1000,-5,-250
fc3573,STMYS-2,CAMP_SAN_01,P08,1190,BOGOF,61,163,Atliq_Double_Bedsheet_set,Home Care,Mysuru,Sankranti,10-01-2024,16-01-2024,72590,193970,102,121380
d4b484,STHYD-2,CAMP_DIW_01,P10,65,50% OFF,140,186,Atliq_Cream_Beauty_Bathing_Soap (125GM),Personal Care,Hyderabad,Diwali,12-11-2023,18-11-2023,9100,12090,46,2990
9c5d5a,STMDU-1,CAMP_DIW_01,P02,860,33% OFF,308,455,Atliq_Sonamasuri_Rice (10KG),Grocery & Staples,Madurai,Diwali,12-11-2023,18-11-2023,264880,391300,147,126420
1507,STMDU-3,CAMP_DIW_01,P09,110,50% OFF,57,61,Atliq_Body_Milk_Nourishing_Lotion (120ML),Personal Care,Madurai,Diwali,12-11-2023,18-11-2023,6270,6710,4,440
91fec3,STMYS-1,CAMP_DIW_01,P06,415,25% OFF,101,79,Atliq_Fusion_Container_Set_of_3,Home Care,Mysuru,Diwali,12-11-2023,18-11-2023,41915,32785,-22,-9130
66c422,STBLR-5,CAMP_DIW_01,P07,300,BOGOF,66,227,Atliq_Curtains,Home Care,Bengaluru,Diwali,12-11-2023,18-11-2023,19800,68100,161,48300
0e888c,STVSK-3,CAMP_DIW_01,P02,860,33% OFF,274,334,Atliq_Sonamasuri_Rice (10KG),Grocery & Staples,Visakhapatnam,Diwali,12-11-2023,18-11-2023,235640,287240,60,51600
fe72b2,STHYD-3,CAMP_SAN_01,P13,350,BOGOF,133,337,Atliq_High_Glo_15W_LED_Bulb,Home Appliances,Hyderabad,Sankranti,10-01-2024,16-01-2024,46550,117950,204,71400
baecfe,STVJD-0,CAMP_SAN_01,P12,62,50% OFF,31,43,Atliq_Lime_Cool_Bathing_Bar (125GM),Personal Care,Vijayawada,Sankranti,10-01-2024,16-01-2024,1922,2666,12,744
261bd6,STCHE-0,CAMP_DIW_01,P02,860,33% OFF,308,452,Atliq_Sonamasuri_Rice (10KG),Grocery & Staples,Chennai,Diwali,12-11-2023,18-11-2023,264880,388720,144,123840
85e08f,STVSK-4,CAMP_DIW_01,P08,1190,BOGOF,50,152,Atliq_Double_Bedsheet_set,Home Care,Visakhapatnam,Diwali,12-11-2023,18-11-2023,59500,180880,102,121380
73564c,STBLR-5,CAMP_SAN_01,P11,190,50% OFF,43,63,Atliq_Doodh_Kesar_Body_Lotion (200ML),Personal Care,Bengaluru,Sankranti,10-01-2024,16-01-2024,8170,11970,20,3800
316f12,STHYD-6,CAMP_SAN_01,P05,55,25% OFF,33,27,Atliq_Scrub_Sponge_For_Dishwash,Home Care,Hyderabad,Sankranti,10-01-2024,16-01-2024,1815,1485,-6,-330
eb3ac8,STHYD-0,CAMP_SAN_01,P06,415,25% OFF,42,34,Atliq_Fusion_Container_Set_of_3,Home Care,Hyderabad,Sankranti,10-01-2024,16-01-2024,17430,14110,-8,-3320
930325,STTRV-0,CAMP_SAN_01,P09,90,25% OFF,31,28,Atliq_Body_Milk_Nourishing_Lotion (120ML),Personal Care,Trivandrum,Sankranti,10-01-2024,16-01-2024,2790,2520,-3,-270
292d0a,STMDU-0,CAMP_SAN_01,P01,172,33% OFF,219,304,Atliq_Masoor_Dal (1KG),Grocery & Staples,Madurai,Sankranti,10-01-2024,16-01-2024,37668,52288,85,14620
d4fced,STHYD-0,CAMP_SAN_01,P13,350,BOGOF,132,520,Atliq_High_Glo_15W_LED_Bulb,Home Appliances,Hyderabad,Sankranti,10-01-2024,16-01-2024,46200,182000,388,135800
da3d1d,STVSK-2,CAMP_DIW_01,P06,415,25% OFF,78,69,Atliq_Fusion_Container_Set_of_3,Home Care,Visakhapatnam,Diwali,12-11-2023,18-11-2023,32370,28635,-9,-3735
73f158,STHYD-2,CAMP_SAN_01,P14,1020,BOGOF,118,459,Atliq_waterproof_Immersion_Rod,Home Appliances,Hyderabad,Sankranti,10-01-2024,16-01-2024,120360,468180,341,347820
b8c7c8,STHYD-6,CAMP_SAN_01,P10,50,25% OFF,31,26,Atliq_Cream_Beauty_Bathing_Soap (125GM),Personal Care,Hyderabad,Sankranti,10-01-2024,16-01-2024,1550,1300,-5,-250
141aea,STCHE-7,CAMP_SAN_01,P14,1020,BOGOF,111,493,Atliq_waterproof_Immersion_Rod,Home Appliances,Chennai,Sankranti,10-01-2024,16-01-2024,113220,502860,382,389640
42ba27,STBLR-2,CAMP_DIW_01,P05,55,25% OFF,115,101,Atliq_Scrub_Sponge_For_Dishwash,Home Care,Bengaluru,Diwali,12-11-2023,18-11-2023,6325,5555,-14,-770
870b25,STMYS-0,CAMP_SAN_01,P04,370,BOGOF,418,1116,Atliq_Farm_Chakki_Atta (1KG),Grocery & Staples,Mysuru,Sankranti,10-01-2024,16-01-2024,154660,412920,698,258260
e3929b,STMYS-0,CAMP_DIW_01,P12,62,50% OFF,98,128,Atliq_Lime_Cool_Bathing_Bar (125GM),Personal Care,Mysuru,Diwali,12-11-2023,18-11-2023,6076,7936,30,1860
6562df,STCBE-1,CAMP_SAN_01,P14,1020,BOGOF,78,310,Atliq_waterproof_Immersion_Rod,Home Appliances,Coimbatore,Sankranti,10-01-2024,16-01-2024,79560,316200,232,236640
fe94ae,STMYS-1,CAMP_SAN_01,P04,370,BOGOF,450,1984,Atliq_Farm_Chakki_Atta (1KG),Grocery & Staples,Mysuru,Sankranti,10-01-2024,16-01-2024,166500,734080,1534,567580
66b7cc,STCHE-3,CAMP_DIW_01,P13,350,BOGOF,82,328,Atliq_High_Glo_15W_LED_Bulb,Home Appliances,Chennai,Diwali,12-11-2023,18-11-2023,28700,114800,246,86100
3d7dc9,STCHE-1,CAMP_DIW_01,P10,65,50% OFF,127,133,Atliq_Cream_Beauty_Bathing_Soap (125GM),Personal Care,Chennai,Diwali,12-11-2023,18-11-2023,8255,8645,6,390
5.40E+190,STBLR-0,CAMP_DIW_01,P02,860,33% OFF,362,535,Atliq_Sonamasuri_Rice (10KG),Grocery & Staples,Bengaluru,Diwali,12-11-2023,18-11-2023,311320,460100,173,148780
1d8f76,STMYS-0,CAMP_DIW_01,P01,172,33% OFF,301,433,Atliq_Masoor_Dal (1KG),Grocery & Staples,Mysuru,Diwali,12-11-2023,18-11-2023,51772,74476,132,22704
4e7ca5,STMYS-1,CAMP_DIW_01,P07,300,BOGOF,54,219,Atliq_Curtains,Home Care,Mysuru,Diwali,12-11-2023,18-11-2023,16200,65700,165,49500
1bb04d,STCBE-3,CAMP_SAN_01,P01,172,33% OFF,240,355,Atliq_Masoor_Dal (1KG),Grocery & Staples,Coimbatore,Sankranti,10-01-2024,16-01-2024,41280,61060,115,19780
793873,STVSK-2,CAMP_DIW_01,P03,156,25% OFF,248,225,Atliq_Suflower_Oil (1L),Grocery & Staples,Visakhapatnam,Diwali,12-11-2023,18-11-2023,38688,35100,-23,-3588
536fbf,STMLR-2,CAMP_DIW_01,P15,3000,500 Cashback,217,659,Atliq_Home_Essential_8_Product_Combo,Combo1,Mangalore,Diwali,12-11-2023,18-11-2023,651000,1977000,442,1326000
b68b77,STCBE-0,CAMP_SAN_01,P01,172,33% OFF,244,368,Atliq_Masoor_Dal (1KG),Grocery & Staples,Coimbatore,Sankranti,10-01-2024,16-01-2024,41968,63296,124,21328
434698,STVSK-0,CAMP_SAN_01,P12,62,50% OFF,39,63,Atliq_Lime_Cool_Bathing_Bar (125GM),Personal Care,Visakhapatnam,Sankranti,10-01-2024,16-01-2024,2418,3906,24,1488
021d48,STMLR-2,CAMP_SAN_01,P14,1020,BOGOF,61,243,Atliq_waterproof_Immersion_Rod,Home Appliances,Mangalore,Sankranti,10-01-2024,16-01-2024,62220,247860,182,185640
a386d9,STCHE-2,CAMP_SAN_01,P09,90,25% OFF,54,50,Atliq_Body_Milk_Nourishing_Lotion (120ML),Personal Care,Chennai,Sankranti,10-01-2024,16-01-2024,4860,4500,-4,-360
b46d32,STMDU-1,CAMP_SAN_01,P04,370,BOGOF,337,1337,Atliq_Farm_Chakki_Atta (1KG),Grocery & Staples,Madurai,Sankranti,10-01-2024,16-01-2024,124690,494690,1000,370000
3af058,STVSK-3,CAMP_DIW_01,P07,300,BOGOF,36,108,Atliq_Curtains,Home Care,Visakhapatnam,Diwali,12-11-2023,18-11-2023,10800,32400,72,21600
0efde2,STCHE-7,CAMP_SAN_01,P03,200,BOGOF,448,1895,Atliq_Suflower_Oil (1L),Grocery & Staples,Chennai,Sankranti,10-01-2024,16-01-2024,89600,379000,1447,289400
80be79,STBLR-4,CAMP_SAN_01,P08,1190,BOGOF,39,156,Atliq_Double_Bedsheet_set,Home Care,Bengaluru,Sankranti,10-01-2024,16-01-2024,46410,185640,117,139230
879d9a,STBLR-2,CAMP_DIW_01,P15,3000,500 Cashback,318,915,Atliq_Home_Essential_8_Product_Combo,Combo1,Bengaluru,Diwali,12-11-2023,18-11-2023,954000,2745000,597,1791000
742ad5,STBLR-4,CAMP_DIW_01,P02,860,33% OFF,357,549,Atliq_Sonamasuri_Rice (10KG),Grocery & Staples,Bengaluru,Diwali,12-11-2023,18-11-2023,307020,472140,192,165120
b2270b,STHYD-0,CAMP_DIW_01,P07,300,BOGOF,52,173,Atliq_Curtains,Home Care,Hyderabad,Diwali,12-11-2023,18-11-2023,15600,51900,121,36300
2e0f86,STMDU-2,CAMP_DIW_01,P12,62,50% OFF,71,80,Atliq_Lime_Cool_Bathing_Bar (125GM),Personal Care,Madurai,Diwali,12-11-2023,18-11-2023,4402,4960,9,558
d85264,STMLR-1,CAMP_SAN_01,P07,300,BOGOF,30,120,Atliq_Curtains,Home Care,Mangalore,Sankranti,10-01-2024,16-01-2024,9000,36000,90,27000
34e00a,STCBE-1,CAMP_DIW_01,P11,190,50% OFF,61,65,Atliq_Doodh_Kesar_Body_Lotion (200ML),Personal Care,Coimbatore,Diwali,12-11-2023,18-11-2023,11590,12350,4,760
e918c8,STBLR-4,CAMP_SAN_01,P09,90,25% OFF,66,56,Atliq_Body_Milk_Nourishing_Lotion (120ML),Personal Care,Bengaluru,Sankranti,10-01-2024,16-01-2024,5940,5040,-10,-900
05d8e7,STMYS-1,CAMP_SAN_01,P12,62,50% OFF,45,71,Atliq_Lime_Cool_Bathing_Bar (125GM),Personal Care,Mysuru,Sankranti,10-01-2024,16-01-2024,2790,4402,26,1612
a0da88,STMLR-2,CAMP_DIW_01,P03,156,25% OFF,204,175,Atliq_Suflower_Oil (1L),Grocery & Staples,Mangalore,Diwali,12-11-2023,18-11-2023,31824,27300,-29,-4524
4c7359,STVSK-2,CAMP_SAN_01,P09,90,25% OFF,43,35,Atliq_Body_Milk_Nourishing_Lotion (120ML),Personal Care,Visakhapatnam,Sankranti,10-01-2024,16-01-2024,3870,3150,-8,-720
f30579,STBLR-9,CAMP_DIW_01,P02,860,33% OFF,337,488,Atliq_Sonamasuri_Rice (10KG),Grocery & Staples,Bengaluru,Diwali,12-11-2023,18-11-2023,289820,419680,151,129860
bed4b4,STMLR-1,CAMP_SAN_01,P10,50,25% OFF,13,10,Atliq_Cream_Beauty_Bathing_Soap (125GM),Personal Care,Mangalore,Sankranti,10-01-2024,16-01-2024,650,500,-3,-150
c8035e,STCHE-3,CAMP_SAN_01,P13,350,BOGOF,122,529,Atliq_High_Glo_15W_LED_Bulb,Home Appliances,Chennai,Sankranti,10-01-2024,16-01-2024,42700,185150,407,142450
8819fd,STBLR-2,CAMP_DIW_01,P04,290,25% OFF,350,304,Atliq_Farm_Chakki_Atta (1KG),Grocery & Staples,Bengaluru,Diwali,12-11-2023,18-11-2023,101500,88160,-46,-13340
6639a5,STMDU-0,CAMP_SAN_01,P07,300,BOGOF,31,130,Atliq_Curtains,Home Care,Madurai,Sankranti,10-01-2024,16-01-2024,9300,39000,99,29700
dc23bb,STVSK-0,CAMP_DIW_01,P08,1190,BOGOF,42,145,Atliq_Double_Bedsheet_set,Home Care,Visakhapatnam,Diwali,12-11-2023,18-11-2023,49980,172550,103,122570
df4373,STMDU-2,CAMP_SAN_01,P07,300,BOGOF,33,128,Atliq_Curtains,Home Care,Madurai,Sankranti,10-01-2024,16-01-2024,9900,38400,95,28500
7c09bf,STVSK-4,CAMP_SAN_01,P10,50,25% OFF,21,15,Atliq_Cream_Beauty_Bathing_Soap (125GM),Personal Care,Visakhapatnam,Sankranti,10-01-2024,16-01-2024,1050,750,-6,-300
8f512d,STCBE-3,CAMP_SAN_01,P04,370,BOGOF,364,1434,Atliq_Farm_Chakki_Atta (1KG),Grocery & Staples,Coimbatore,Sankranti,10-01-2024,16-01-2024,134680,530580,1070,395900
eb5927,STMDU-1,CAMP_SAN_01,P06,415,25% OFF,21,17,Atliq_Fusion_Container_Set_of_3,Home Care,Madurai,Sankranti,10-01-2024,16-01-2024,8715,7055,-4,-1660
87bb82,STCBE-0,CAMP_SAN_01,P15,3000,500 Cashback,126,275,Atliq_Home_Essential_8_Product_Combo,Combo1,Coimbatore,Sankranti,10-01-2024,16-01-2024,378000,825000,149,447000
26e506,STCHE-0,CAMP_SAN_01,P09,90,25% OFF,72,59,Atliq_Body_Milk_Nourishing_Lotion (120ML),Personal Care,Chennai,Sankranti,10-01-2024,16-01-2024,6480,5310,-13,-1170
fe4a15,STCBE-4,CAMP_SAN_01,P01,172,33% OFF,205,284,Atliq_Masoor_Dal (1KG),Grocery & Staples,Coimbatore,Sankranti,10-01-2024,16-01-2024,35260,48848,79,13588
30c488,STTRV-0,CAMP_SAN_01,P01,172,33% OFF,132,187,Atliq_Masoor_Dal (1KG),Grocery & Staples,Trivandrum,Sankranti,10-01-2024,16-01-2024,22704,32164,55,9460
7641,STBLR-1,CAMP_SAN_01,P14,1020,BOGOF,97,257,Atliq_waterproof_Immersion_Rod,Home Appliances,Bengaluru,Sankranti,10-01-2024,16-01-2024,98940,262140,160,163200
dabee8,STBLR-1,CAMP_SAN_01,P05,55,25% OFF,19,17,Atliq_Scrub_Sponge_For_Dishwash,Home Care,Bengaluru,Sankranti,10-01-2024,16-01-2024,1045,935,-2,-110
ba86f4,STVSK-1,CAMP_DIW_01,P13,350,BOGOF,61,204,Atliq_High_Glo_15W_LED_Bulb,Home Appliances,Visakhapatnam,Diwali,12-11-2023,18-11-2023,21350,71400,143,50050
4236be,STTRV-0,CAMP_SAN_01,P14,1020,BOGOF,70,280,Atliq_waterproof_Immersion_Rod,Home Appliances,Trivandrum,Sankranti,10-01-2024,16-01-2024,71400,285600,210,214200
c43947,STHYD-5,CAMP_SAN_01,P06,415,25% OFF,39,35,Atliq_Fusion_Container_Set_of_3,Home Care,Hyderabad,Sankranti,10-01-2024,16-01-2024,16185,14525,-4,-1660
a617b5,STHYD-4,CAMP_SAN_01,P14,1020,BOGOF,102,410,Atliq_waterproof_Immersion_Rod,Home Appliances,Hyderabad,Sankranti,10-01-2024,16-01-2024,104040,418200,308,314160
d04921,STMLR-1,CAMP_DIW_01,P10,65,50% OFF,50,68,Atliq_Cream_Beauty_Bathing_Soap (125GM),Personal Care,Mangalore,Diwali,12-11-2023,18-11-2023,3250,4420,18,1170
e60b61,STMLR-0,CAMP_SAN_01,P06,415,25% OFF,15,12,Atliq_Fusion_Container_Set_of_3,Home Care,Mangalore,Sankranti,10-01-2024,16-01-2024,6225,4980,-3,-1245
c9fa13,STHYD-4,CAMP_SAN_01,P04,370,BOGOF,403,1567,Atliq_Farm_Chakki_Atta (1KG),Grocery & Staples,Hyderabad,Sankranti,10-01-2024,16-01-2024,149110,579790,1164,430680
7bb8ed,STCHE-2,CAMP_SAN_01,P08,1190,BOGOF,45,175,Atliq_Double_Bedsheet_set,Home Care,Chennai,Sankranti,10-01-2024,16-01-2024,53550,208250,130,154700
20eb36,STCBE-1,CAMP_DIW_01,P10,65,50% OFF,80,92,Atliq_Cream_Beauty_Bathing_Soap (125GM),Personal Care,Coimbatore,Diwali,12-11-2023,18-11-2023,5200,5980,12,780
166ffe,STMYS-1,CAMP_SAN_01,P10,50,25% OFF,28,20,Atliq_Cream_Beauty_Bathing_Soap (125GM),Personal Care,Mysuru,Sankranti,10-01-2024,16-01-2024,1400,1000,-8,-400
985960,STCBE-4,CAMP_SAN_01,P06,415,25% OFF,21,17,Atliq_Fusion_Container_Set_of_3,Home Care,Coimbatore,Sankranti,10-01-2024,16-01-2024,8715,7055,-4,-1660
4dcb0e,STBLR-8,CAMP_SAN_01,P03,200,BOGOF,360,1414,Atliq_Suflower_Oil (1L),Grocery & Staples,Bengaluru,Sankranti,10-01-2024,16-01-2024,72000,282800,1054,210800
f304a8,STMYS-1,CAMP_DIW_01,P04,290,25% OFF,204,157,Atliq_Farm_Chakki_Atta (1KG),Grocery & Staples,Mysuru,Diwali,12-11-2023,18-11-2023,59160,45530,-47,-13630
9b5299,STBLR-6,CAMP_DIW_01,P04,290,25% OFF,360,320,Atliq_Farm_Chakki_Atta (1KG),Grocery & Staples,Bengaluru,Diwali,12-11-2023,18-11-2023,104400,92800,-40,-11600
1130ea,STHYD-6,CAMP_DIW_01,P14,1020,BOGOF,45,155,Atliq_waterproof_Immersion_Rod,Home Appliances,Hyderabad,Diwali,12-11-2023,18-11-2023,45900,158100,110,112200
0a2689,STBLR-8,CAMP_SAN_01,P12,62,50% OFF,55,77,Atliq_Lime_Cool_Bathing_Bar (125GM),Personal Care,Bengaluru,Sankranti,10-01-2024,16-01-2024,3410,4774,22,1364
03b653,STCBE-3,CAMP_DIW_01,P02,860,33% OFF,266,446,Atliq_Sonamasuri_Rice (10KG),Grocery & Staples,Coimbatore,Diwali,12-11-2023,18-11-2023,228760,383560,180,154800
46d796,STHYD-6,CAMP_SAN_01,P07,300,BOGOF,51,205,Atliq_Curtains,Home Care,Hyderabad,Sankranti,10-01-2024,16-01-2024,15300,61500,154,46200
d62a10,STCHE-7,CAMP_DIW_01,P13,350,BOGOF,63,242,Atliq_High_Glo_15W_LED_Bulb,Home Appliances,Chennai,Diwali,12-11-2023,18-11-2023,22050,84700,179,62650
380c68,STTRV-1,CAMP_DIW_01,P07,300,BOGOF,29,96,Atliq_Curtains,Home Care,Trivandrum,Diwali,12-11-2023,18-11-2023,8700,28800,67,20100
35418e,STTRV-0,CAMP_DIW_01,P14,1020,BOGOF,21,70,Atliq_waterproof_Immersion_Rod,Home Appliances,Trivandrum,Diwali,12-11-2023,18-11-2023,21420,71400,49,49980
5f2bb8,STBLR-8,CAMP_SAN_01,P11,190,50% OFF,45,62,Atliq_Doodh_Kesar_Body_Lotion (200ML),Personal Care,Bengaluru,Sankranti,10-01-2024,16-01-2024,8550,11780,17,3230
9.90E+87,STHYD-6,CAMP_DIW_01,P05,55,25% OFF,117,104,Atliq_Scrub_Sponge_For_Dishwash,Home Care,Hyderabad,Diwali,12-11-2023,18-11-2023,6435,5720,-13,-715
c25b15,STHYD-6,CAMP_DIW_01,P07,300,BOGOF,63,218,Atliq_Curtains,Home Care,Hyderabad,Diwali,12-11-2023,18-11-2023,18900,65400,155,46500
4f560f,STHYD-0,CAMP_SAN_01,P02,860,33% OFF,514,791,Atliq_Sonamasuri_Rice (10KG),Grocery & Staples,Hyderabad,Sankranti,10-01-2024,16-01-2024,442040,680260,277,238220
0a8543,STHYD-4,CAMP_DIW_01,P01,172,33% OFF,304,465,Atliq_Masoor_Dal (1KG),Grocery & Staples,Hyderabad,Diwali,12-11-2023,18-11-2023,52288,79980,161,27692
3edc10,STVSK-1,CAMP_DIW_01,P03,156,25% OFF,246,194,Atliq_Suflower_Oil (1L),Grocery & Staples,Visakhapatnam,Diwali,12-11-2023,18-11-2023,38376,30264,-52,-8112
59effd,STBLR-5,CAMP_SAN_01,P14,1020,BOGOF,97,380,Atliq_waterproof_Immersion_Rod,Home Appliances,Bengaluru,Sankranti,10-01-2024,16-01-2024,98940,387600,283,288660
3b4a4f,STBLR-0,CAMP_DIW_01,P04,290,25% OFF,337,296,Atliq_Farm_Chakki_Atta (1KG),Grocery & Staples,Bengaluru,Diwali,12-11-2023,18-11-2023,97730,85840,-41,-11890
0ffbbc,STTRV-1,CAMP_SAN_01,P09,90,25% OFF,30,28,Atliq_Body_Milk_Nourishing_Lotion (120ML),Personal Care,Trivandrum,Sankranti,10-01-2024,16-01-2024,2700,2520,-2,-180
08086d,STBLR-7,CAMP_DIW_01,P10,65,50% OFF,120,188,Atliq_Cream_Beauty_Bathing_Soap (125GM),Personal Care,Bengaluru,Diwali,12-11-2023,18-11-2023,7800,12220,68,4420
c5ba9b,STMYS-0,CAMP_SAN_01,P01,172,33% OFF,279,401,Atliq_Masoor_Dal (1KG),Grocery & Staples,Mysuru,Sankranti,10-01-2024,16-01-2024,47988,68972,122,20984
d953a5,STBLR-1,CAMP_SAN_01,P01,172,33% OFF,297,418,Atliq_Masoor_Dal (1KG),Grocery & Staples,Bengaluru,Sankranti,10-01-2024,16-01-2024,51084,71896,121,20812
be603f,STHYD-1,CAMP_DIW_01,P09,110,50% OFF,87,92,Atliq_Body_Milk_Nourishing_Lotion (120ML),Personal Care,Hyderabad,Diwali,12-11-2023,18-11-2023,9570,10120,5,550
a02f06,STMLR-2,CAMP_SAN_01,P04,370,BOGOF,226,881,Atliq_Farm_Chakki_Atta (1KG),Grocery & Staples,Mangalore,Sankranti,10-01-2024,16-01-2024,83620,325970,655,242350
955fa6,STHYD-5,CAMP_DIW_01,P12,62,50% OFF,161,209,Atliq_Lime_Cool_Bathing_Bar (125GM),Personal Care,Hyderabad,Diwali,12-11-2023,18-11-2023,9982,12958,48,2976
a42141,STMDU-1,CAMP_SAN_01,P15,3000,500 Cashback,85,195,Atliq_Home_Essential_8_Product_Combo,Combo1,Madurai,Sankranti,10-01-2024,16-01-2024,255000,585000,110,330000
e716e7,STBLR-7,CAMP_DIW_01,P09,110,50% OFF,78,117,Atliq_Body_Milk_Nourishing_Lotion (120ML),Personal Care,Bengaluru,Diwali,12-11-2023,18-11-2023,8580,12870,39,4290
4b515c,STVJD-1,CAMP_SAN_01,P02,860,33% OFF,274,394,Atliq_Sonamasuri_Rice (10KG),Grocery & Staples,Vijayawada,Sankranti,10-01-2024,16-01-2024,235640,338840,120,103200
9a1d69,STMDU-3,CAMP_DIW_01,P01,172,33% OFF,292,373,Atliq_Masoor_Dal (1KG),Grocery & Staples,Madurai,Diwali,12-11-2023,18-11-2023,50224,64156,81,13932
79d01b,STHYD-1,CAMP_DIW_01,P11,190,50% OFF,61,72,Atliq_Doodh_Kesar_Body_Lotion (200ML),Personal Care,Hyderabad,Diwali,12-11-2023,18-11-2023,11590,13680,11,2090
8b729b,STMDU-2,CAMP_SAN_01,P02,860,33% OFF,319,379,Atliq_Sonamasuri_Rice (10KG),Grocery & Staples,Madurai,Sankranti,10-01-2024,16-01-2024,274340,325940,60,51600
136c14,STHYD-1,CAMP_SAN_01,P03,200,BOGOF,328,833,Atliq_Suflower_Oil (1L),Grocery & Staples,Hyderabad,Sankranti,10-01-2024,16-01-2024,65600,166600,505,101000
94cacb,STCHE-0,CAMP_SAN_01,P12,62,50% OFF,55,79,Atliq_Lime_Cool_Bathing_Bar (125GM),Personal Care,Chennai,Sankranti,10-01-2024,16-01-2024,3410,4898,24,1488
5ce72d,STMLR-2,CAMP_SAN_01,P11,190,50% OFF,24,27,Atliq_Doodh_Kesar_Body_Lotion (200ML),Personal Care,Mangalore,Sankranti,10-01-2024,16-01-2024,4560,5130,3,570
c873b4,STVSK-4,CAMP_DIW_01,P02,860,33% OFF,267,389,Atliq_Sonamasuri_Rice (10KG),Grocery & Staples,Visakhapatnam,Diwali,12-11-2023,18-11-2023,229620,334540,122,104920
b9b7dd,STBLR-3,CAMP_DIW_01,P12,62,50% OFF,126,157,Atliq_Lime_Cool_Bathing_Bar (125GM),Personal Care,Bengaluru,Diwali,12-11-2023,18-11-2023,7812,9734,31,1922
fb2c04,STVSK-0,CAMP_SAN_01,P08,1190,BOGOF,28,108,Atliq_Double_Bedsheet_set,Home Care,Visakhapatnam,Sankranti,10-01-2024,16-01-2024,33320,128520,80,95200
04f19c,STMYS-0,CAMP_DIW_01,P08,1190,BOGOF,50,146,Atliq_Double_Bedsheet_set,Home Care,Mysuru,Diwali,12-11-2023,18-11-2023,59500,173740,96,114240
3bcf8b,STCHE-6,CAMP_SAN_01,P14,1020,BOGOF,138,547,Atliq_waterproof_Immersion_Rod,Home Appliances,Chennai,Sankranti,10-01-2024,16-01-2024,140760,557940,409,417180
b78a4f,STCBE-3,CAMP_SAN_01,P13,350,BOGOF,99,383,Atliq_High_Glo_15W_LED_Bulb,Home Appliances,Coimbatore,Sankranti,10-01-2024,16-01-2024,34650,134050,284,99400
1b1cf1,STBLR-8,CAMP_DIW_01,P09,110,50% OFF,61,77,Atliq_Body_Milk_Nourishing_Lotion (120ML),Personal Care,Bengaluru,Diwali,12-11-2023,18-11-2023,6710,8470,16,1760
dc07e1,STMYS-2,CAMP_SAN_01,P06,415,25% OFF,31,26,Atliq_Fusion_Container_Set_of_3,Home Care,Mysuru,Sankranti,10-01-2024,16-01-2024,12865,10790,-5,-2075
b92097,STCBE-4,CAMP_DIW_01,P03,156,25% OFF,257,221,Atliq_Suflower_Oil (1L),Grocery & Staples,Coimbatore,Diwali,12-11-2023,18-11-2023,40092,34476,-36,-5616
ffb109,STVSK-2,CAMP_DIW_01,P15,3000,500 Cashback,204,589,Atliq_Home_Essential_8_Product_Combo,Combo1,Visakhapatnam,Diwali,12-11-2023,18-11-2023,612000,1767000,385,1155000
11578,STHYD-3,CAMP_SAN_01,P14,1020,BOGOF,87,236,Atliq_waterproof_Immersion_Rod,Home Appliances,Hyderabad,Sankranti,10-01-2024,16-01-2024,88740,240720,149,151980
a0017b,STCBE-4,CAMP_SAN_01,P05,55,25% OFF,16,12,Atliq_Scrub_Sponge_For_Dishwash,Home Care,Coimbatore,Sankranti,10-01-2024,16-01-2024,880,660,-4,-220
ac0db6,STBLR-8,CAMP_SAN_01,P06,415,25% OFF,22,16,Atliq_Fusion_Container_Set_of_3,Home Care,Bengaluru,Sankranti,10-01-2024,16-01-2024,9130,6640,-6,-2490
1e8961,STBLR-3,CAMP_SAN_01,P12,62,50% OFF,61,84,Atliq_Lime_Cool_Bathing_Bar (125GM),Personal Care,Bengaluru,Sankranti,10-01-2024,16-01-2024,3782,5208,23,1426
f957f1,STMDU-1,CAMP_SAN_01,P10,50,25% OFF,22,18,Atliq_Cream_Beauty_Bathing_Soap (125GM),Personal Care,Madurai,Sankranti,10-01-2024,16-01-2024,1100,900,-4,-200
a9ae21,STCBE-0,CAMP_DIW_01,P12,62,50% OFF,80,119,Atliq_Lime_Cool_Bathing_Bar (125GM),Personal Care,Coimbatore,Diwali,12-11-2023,18-11-2023,4960,7378,39,2418
e5d28d,STVSK-0,CAMP_SAN_01,P13,350,BOGOF,73,282,Atliq_High_Glo_15W_LED_Bulb,Home Appliances,Visakhapatnam,Sankranti,10-01-2024,16-01-2024,25550,98700,209,73150
4d22d1,STBLR-9,CAMP_SAN_01,P12,62,50% OFF,52,73,Atliq_Lime_Cool_Bathing_Bar (125GM),Personal Care,Bengaluru,Sankranti,10-01-2024,16-01-2024,3224,4526,21,1302
